Duration,Team_Size,Budget,Past_Delays,Tech_Complexity,Risk_Level
43,14,165958,2,1,Medium
56,8,254793,6,5,High
33,21,148623,0,5,Medium
19,6,182647,0,1,Low
47,17,142260,4,1,Medium
12,11,196862,8,3,Medium
25,7,248976,5,4,Medium
43,15,171041,9,5,High
23,25,271356,1,3,Low
27,28,200534,8,3,Medium
15,20,226544,5,5,Medium
15,7,276512,4,5,Medium
28,27,270037,4,2,Low
57,18,64160,2,4,High
40,29,298933,5,5,High
44,21,188253,3,1,Medium
28,16,175457,9,2,Medium
7,27,95641,1,4,Medium
26,18,116673,2,1,Low
57,29,261322,8,1,Medium
6,17,297688,8,4,Medium
28,24,276855,5,2,Low
48,6,266361,9,1,Medium
34,9,93248,9,3,High
42,18,232821,8,4,High
6,26,285949,3,4,Medium
25,24,80713,4,5,Medium
37,23,33981,9,2,High
16,24,125335,5,3,Medium
26,23,137441,8,3,Medium
48,10,46984,4,5,High
29,19,155580,7,1,Medium
53,18,162596,0,1,Medium
31,29,148454,4,3,Medium
46,25,79402,9,2,High
32,12,121656,0,1,Low
20,12,95614,9,4,High
19,29,196963,5,5,High
51,4,288789,6,2,Medium
55,11,161049,4,1,Medium
48,19,299754,0,3,Medium
59,13,139381,5,5,High
56,12,45791,9,1,High
7,24,88047,4,3,Medium
41,27,264898,5,1,Medium
55,19,180737,9,5,High
11,6,100246,6,4,High
25,18,226936,6,4,Medium
13,22,264955,1,3,Low
43,17,75890,2,4,High
22,27,62888,5,5,High
8,29,167821,2,3,Medium
29,23,76531,1,1,Medium
18,7,86017,3,2,Low
54,8,87676,4,1,Medium
13,19,41560,9,5,High
30,3,80468,8,3,Medium
57,27,193535,2,1,Medium
6,21,124346,2,3,Medium
24,6,170790,5,4,High
32,19,223709,4,2,Low
51,11,292172,5,5,High
11,26,77599,6,1,High
48,4,178469,2,2,Medium
12,10,270270,4,5,Medium
51,17,75406,7,5,High
39,9,97560,3,4,High
18,29,134143,9,3,Medium
21,8,174575,1,3,Low
40,3,84943,3,2,Medium
54,17,105839,1,4,High
44,25,112674,2,5,High
8,28,55345,3,4,High
6,9,279495,3,4,Medium
10,27,80390,9,2,Medium
58,19,256113,8,3,High
46,4,31906,9,4,High
8,29,37961,5,4,High
58,11,187212,8,4,High
33,11,219773,3,1,Low
22,15,111199,8,4,High
30,8,290928,8,4,Medium
48,8,129764,5,5,High
38,22,152357,4,1,Medium
14,22,124968,2,4,Medium
40,23,190576,4,4,High
18,5,70297,2,2,Low
35,19,116394,4,2,Medium
52,19,46939,4,1,High
19,14,229294,1,5,Low
12,18,92119,8,1,Medium
18,17,196393,6,1,Medium
27,15,174258,5,2,Medium
44,25,248827,4,2,Low
25,3,297201,3,5,Medium
20,19,179805,7,4,High
49,5,180685,1,5,High
22,28,138612,7,4,High
51,17,166260,0,3,Medium
57,6,268178,9,2,Medium
28,6,289418,0,3,Low
30,20,59680,2,3,High
29,19,264433,4,2,Low
49,21,66445,5,3,High
45,13,35796,3,1,Medium
33,22,200203,6,4,High
19,5,169294,6,5,High
49,10,98322,1,2,Medium
5,16,260246,1,1,Low
29,28,140100,1,5,Medium
11,3,129244,1,5,Medium
13,16,160364,8,5,High
28,4,230065,4,3,Low
5,25,203688,7,3,Medium
48,6,82127,4,3,High
12,26,292597,4,3,Low
28,29,117362,0,1,Low
15,21,144176,5,3,Medium
55,8,129122,3,2,Medium
21,27,127170,2,5,Medium
12,3,247912,5,1,Low
39,19,278178,1,3,Low
39,10,265851,7,5,High
37,21,126516,0,1,Low
9,23,37957,8,5,High
46,3,137724,7,1,High
43,7,195278,0,4,Medium
45,29,33543,9,1,High
32,18,205207,8,3,Medium
11,8,277541,1,5,Low
13,10,134647,2,5,Medium
12,15,65031,1,5,Medium
16,18,204001,7,2,Low
38,5,266403,1,2,Low
37,21,95867,9,3,High
52,14,118780,1,4,High
59,18,87196,0,2,Medium
27,29,103705,6,1,Medium
28,13,127247,1,3,Low
41,12,209965,9,4,High
39,27,30727,4,1,High
48,22,73822,4,5,High
44,6,142113,2,2,Medium
26,14,249606,2,1,Low
31,25,90091,2,4,High
39,4,184591,5,3,High
5,26,235603,3,1,Low
39,24,209006,2,3,Medium
41,21,189912,1,5,Medium
51,27,119367,2,4,High
18,7,43265,3,4,Medium
7,10,109622,5,2,Medium
5,9,190259,3,4,Medium
9,16,181611,7,1,Medium
30,26,251711,2,1,Low
59,25,200457,2,1,Medium
18,5,161025,2,5,Medium
43,20,117580,7,4,High
31,18,143396,3,4,High
13,25,125310,0,1,Low
19,21,186080,1,2,Low
19,21,244168,9,2,Low
30,20,119876,1,4,Medium
46,22,54976,2,4,High
17,18,275014,5,3,Medium
55,10,188698,7,4,High
36,3,220861,0,1,Low
43,19,139331,8,5,High
53,14,224717,0,4,Medium
56,23,281666,9,4,High
36,13,299670,1,1,Low
8,7,133863,2,3,Medium
34,29,229121,6,4,High
41,14,86096,8,2,Medium
27,19,168982,2,2,Low
43,8,80248,7,2,Medium
49,3,235728,8,5,High
19,7,109888,9,5,High
47,27,236354,6,4,High
33,16,270346,3,4,Medium
40,7,124533,3,4,High
17,24,71954,3,5,High
36,26,169876,5,4,High
11,29,253777,3,1,Low
55,3,292739,4,3,Medium
26,20,70643,8,2,High
32,18,284793,6,2,Medium
6,11,298116,7,1,Low
46,21,227466,4,4,High
49,24,184841,4,5,High
57,7,55020,6,4,High
10,29,74912,7,4,High
32,4,42879,8,2,Medium
32,17,63798,1,2,Medium
48,9,137791,2,5,High
48,6,207145,1,2,Low
24,3,163922,9,4,High
34,15,189472,6,1,Medium
15,22,136410,1,5,Medium
59,24,155155,1,1,Medium
32,9,184607,1,4,Medium
29,17,236608,3,5,Medium
43,25,282712,0,1,Low
37,16,34055,1,5,High
5,25,259016,2,4,Medium
31,21,268657,6,5,High
56,24,165996,9,4,High
17,26,78037,0,5,High
45,22,122115,5,5,High
7,26,100400,2,2,Low
43,20,129525,2,4,High
10,12,253457,3,3,Low
12,11,254174,3,5,Medium
31,27,171774,6,1,Medium
13,10,45385,2,2,Low
41,28,66021,7,2,High
37,12,147369,7,5,High
55,19,250702,6,3,High
46,4,79111,1,2,Medium
48,8,119402,4,4,High
28,28,149774,5,5,High
19,7,283724,9,5,Medium
58,11,245657,3,3,Medium
36,7,257600,9,4,High
36,20,210109,4,4,Medium
28,28,155695,8,3,Medium
45,22,164585,6,1,Medium
56,11,276255,1,4,Medium
53,19,174407,0,1,Medium
53,29,205212,1,1,Low
56,19,134126,2,5,High
16,14,241445,1,5,Low
43,9,107658,2,2,Medium
6,29,195912,9,5,High
7,5,136833,8,4,High
53,12,148637,3,4,High
41,4,123220,8,1,Medium
53,27,56393,2,4,High
21,5,87480,0,5,Medium
53,18,170179,4,5,High
6,4,298137,9,5,Medium
6,26,123650,9,3,Medium
32,12,264397,1,4,Medium
58,8,82066,3,2,Medium
27,24,46138,1,4,High
41,28,148558,1,4,Medium
36,13,288480,2,3,Medium
37,25,108422,4,4,High
5,9,216770,3,1,Low
23,29,112315,1,5,Medium
6,17,59086,9,5,High
57,8,155604,1,3,Medium
48,22,149324,5,5,High
30,29,246682,6,1,Low
36,11,33435,9,3,High
10,24,190014,5,2,Medium
36,22,220707,6,5,High
59,14,218629,0,4,Medium
8,21,73890,5,1,High
59,22,65739,2,1,High
15,5,109553,0,5,Medium
21,17,38314,7,2,High
42,4,123831,3,4,High
28,23,147174,9,2,Medium
9,4,176429,7,2,Medium
56,24,259937,9,5,High
38,5,50365,3,4,High
10,8,293881,3,5,Medium
26,17,235704,9,5,Medium
15,29,115474,3,1,Low
52,12,285678,5,5,High
20,11,188571,8,3,Medium
37,3,271099,4,4,Medium
13,18,271474,9,1,Low
10,8,158692,7,4,High
20,11,268502,7,1,Low
33,29,207229,3,3,Medium
7,6,202106,9,5,Medium
24,29,30294,8,1,High
40,4,128185,8,1,Medium
23,6,88382,4,1,Low
30,3,34655,5,3,Medium
7,21,113029,4,4,Medium
23,28,33771,2,3,High
24,27,150811,7,1,Medium
36,12,137779,8,1,Medium
11,23,154891,3,5,Medium
56,17,284797,8,3,High
45,29,284472,8,3,Medium
37,24,62376,6,2,High
44,21,107924,7,4,High
43,18,59332,2,2,High
22,23,76737,4,2,Medium
44,29,119031,2,4,High
5,26,213024,6,5,Medium
15,24,57472,5,5,High
32,6,89946,2,4,High
29,4,293685,8,4,Medium
54,27,159237,0,3,Medium
27,15,32765,9,3,Medium
35,3,190355,2,3,Medium
34,19,131387,9,3,High
46,15,281116,6,1,Medium
39,6,178878,2,1,Medium
11,9,295116,2,5,Medium
20,19,179328,1,1,Low
30,11,179725,8,1,Medium
52,6,133579,3,3,High
56,21,69339,9,3,High
53,3,57909,5,4,High
6,12,218644,1,3,Low
5,6,187541,8,4,High
52,11,162385,6,4,High
16,15,171002,9,1,Medium
9,16,33285,4,3,High
41,12,65863,6,1,Medium
36,8,177776,3,3,Medium
59,18,161627,9,1,High
13,8,51323,6,1,Medium
45,19,83915,1,1,Low
39,12,171691,6,5,High
23,20,233462,3,1,Low
52,29,289990,3,2,Medium
20,24,158041,0,2,Low
7,20,83019,2,2,Low
24,5,237226,4,4,Medium
28,22,263169,4,1,Low
58,29,37373,1,2,High
37,23,196353,3,4,High
28,27,50187,0,2,Medium
56,17,127927,8,3,High
15,17,268185,0,5,Low
53,6,147996,5,1,High
12,29,69220,6,5,High
40,11,37642,2,5,High
42,29,109971,0,3,Medium
44,28,85556,6,3,High
24,21,257655,2,3,Low
39,26,296926,9,4,High
52,19,252489,5,2,Medium
29,13,215784,5,1,Low
39,27,266836,3,3,Medium
29,11,180534,5,1,Medium
33,12,229591,9,1,Medium
22,20,216278,3,1,Low
50,22,127469,7,3,High
22,15,76950,8,3,Medium
6,10,170749,1,2,Low
58,9,236900,6,3,High
39,19,176161,8,3,High
20,23,212225,8,1,Low
45,25,52936,4,2,High
40,17,260596,0,5,Medium
37,22,125042,5,3,High
8,17,287758,7,3,Medium
37,3,207129,0,5,Medium
18,27,173609,1,1,Low
25,16,52419,0,2,Medium
52,7,236063,4,1,Medium
24,13,151211,1,4,Medium
12,18,235671,9,3,Medium
11,4,30834,9,4,High
7,10,254006,3,3,Low
21,13,284870,0,4,Low
37,20,282358,6,5,High
52,5,32413,7,3,High
16,28,39505,4,3,High
55,3,281753,1,4,Medium
26,13,163177,7,2,Medium
59,18,229176,0,4,Medium
26,20,144897,6,3,Medium
50,18,88408,0,3,Medium
34,25,198751,5,2,Medium
42,12,146908,5,1,Medium
42,20,275993,4,2,Low
49,8,260168,1,1,Low
55,21,109731,1,3,Medium
58,6,147798,8,5,High
12,29,146854,4,5,Medium
31,15,267902,4,4,Medium
31,26,93079,6,2,Medium
38,16,51577,5,2,High
25,5,293358,1,5,Low
34,12,194052,0,1,Low
37,8,97194,4,2,Medium
32,3,142333,3,1,Medium
51,25,67792,2,1,High
37,26,75807,1,1,Medium
9,29,166213,9,1,Medium
52,16,134292,1,4,High
23,10,152984,3,4,Medium
8,21,43777,1,5,High
39,16,68346,3,4,High
53,12,124977,2,2,Medium
21,19,164917,8,4,High
48,11,53290,6,2,High
32,8,205324,2,2,Low
34,13,164365,7,1,Medium
33,27,149496,8,5,High
50,9,227345,6,1,Medium
57,19,108006,5,1,High
10,3,276471,3,4,Medium
39,24,248980,4,4,Medium
45,7,255902,7,2,Medium
41,11,145436,2,4,High
28,20,173250,1,4,Medium
33,26,184099,2,3,Medium
53,29,97359,6,2,High
50,23,233460,7,2,Medium
57,4,193384,0,3,Medium
35,28,290393,6,2,Medium
39,13,160466,8,5,High
37,29,211446,2,5,Medium
56,8,110308,2,3,High
25,28,271235,7,4,Medium
36,10,137800,3,5,High
27,6,268269,7,3,Medium
37,20,54502,4,5,High
7,13,65757,2,1,Low
22,7,128273,3,3,Medium
29,17,88645,3,2,Low
46,20,149815,7,5,High
35,4,189978,5,2,Medium
58,24,211549,6,3,High
7,13,197973,8,5,High
44,28,252343,5,2,Medium
50,27,82021,2,4,High
28,15,59092,2,4,Medium
54,6,162903,2,1,Medium
36,24,102782,9,3,High
51,9,154277,1,2,Medium
26,13,159999,0,1,Low
27,24,237580,9,3,Medium
6,26,274744,0,4,Low
31,6,130128,3,2,Medium
46,17,53664,2,5,High
6,3,132364,4,4,Medium
30,25,281084,8,5,Medium
21,5,194244,7,5,High
44,16,94340,8,2,Medium
37,8,117236,4,2,Medium
13,20,41017,7,5,High
47,27,291879,3,1,Medium
58,3,60348,4,5,High
52,8,239720,2,5,High
43,8,151070,4,2,Medium
33,23,257629,2,3,Medium
46,18,292512,4,4,High
59,7,65010,4,2,Medium
30,19,65851,5,1,High
39,12,152761,8,4,High
54,23,284640,0,2,Low
29,20,192008,9,2,Medium
28,9,108858,5,3,Medium
17,5,97005,0,1,Low
11,15,67493,5,1,Medium
40,17,230867,1,2,Low
49,22,197462,7,3,High
24,21,40292,2,2,Medium
5,5,189437,9,5,High
12,6,131735,5,5,High
50,7,52912,5,3,High
20,3,110771,3,2,Low
18,6,217644,4,3,Low
16,14,137293,1,2,Low
55,29,129083,9,2,High
27,26,143655,9,5,High
19,12,127459,7,4,High
32,25,253077,9,1,Medium
38,27,262682,6,1,Medium
6,23,259171,9,3,Medium
36,28,197558,5,1,Medium
27,22,137338,6,5,High
26,26,295785,0,4,Low
55,27,117132,4,2,Medium
29,15,174378,6,2,Medium
26,25,207254,0,5,Low
26,16,104123,1,1,Low
53,25,257967,8,2,Medium
56,7,51498,2,1,Medium
46,6,100198,5,5,High
10,16,57197,6,2,High
19,12,181791,8,3,Medium
58,19,138775,4,4,High
47,12,191100,3,1,Medium
41,28,141030,1,1,Low
37,9,147399,2,1,Medium
12,18,86747,4,1,Low
57,3,75712,1,5,High
48,19,155342,3,5,High
48,23,121228,0,5,High
9,11,122091,3,5,Medium
43,8,211902,6,2,Medium
8,21,276222,2,5,Medium
10,15,244560,9,2,Low
49,5,41539,7,3,High
36,9,207833,5,5,High
56,24,88008,5,3,High
34,11,171932,0,5,Medium
51,24,97300,4,3,High
39,7,221285,2,4,Medium
59,12,128971,9,3,High
44,25,68744,0,2,Medium
56,19,115990,7,1,High
20,14,264975,6,3,Medium
17,25,33650,6,1,High
54,18,75117,9,4,High
46,5,295334,9,4,High
34,27,78113,9,2,High
23,24,169861,3,2,Low
21,11,62125,5,3,Medium
23,17,259767,8,5,Medium
32,7,196490,2,4,High
59,25,208157,8,1,Medium
30,15,48768,3,5,Medium
41,16,211033,4,4,Medium
30,22,283807,6,3,Medium
57,17,188957,5,4,High
27,18,117421,9,2,Medium
13,25,222154,7,1,Low
16,15,299039,7,1,Low
57,19,211383,7,2,Medium
5,25,250566,2,5,Medium
5,10,228139,9,2,Low
51,23,101017,5,1,High
38,4,51360,6,3,High
36,7,120365,8,5,High
58,8,115468,9,4,High
52,14,287137,9,3,High
29,20,85823,3,5,Medium
44,24,276991,4,1,Low
49,24,242498,7,1,Medium
57,3,48807,0,3,Medium
5,19,169143,5,5,High
20,13,83413,3,4,Medium
43,12,187221,4,4,High
9,21,45540,4,2,Medium
26,16,262284,1,3,Low
33,28,100248,7,5,High
59,12,282515,1,3,Medium
7,17,252809,3,4,Medium
16,21,140494,4,5,Medium
30,6,279643,0,1,Low
20,4,115435,5,1,Medium
55,11,49787,1,5,High
41,12,280768,4,3,Medium
26,13,52606,5,3,Medium
33,16,288632,7,1,Medium
18,9,278495,8,1,Low
32,25,263867,5,4,High
9,17,142223,4,5,Medium
51,24,76936,3,3,High
53,21,123286,1,4,High
34,24,67381,1,3,High
50,17,74194,6,1,High
56,26,210449,4,5,High
9,10,181733,6,2,Medium
16,13,211565,0,5,Low
20,11,148724,0,2,Low
30,17,267777,4,4,Medium
30,3,197567,1,2,Low
52,3,43703,7,2,High
25,21,88453,2,4,Medium
43,5,118478,0,5,Medium
40,12,217063,1,4,Medium
37,10,268411,9,1,Medium
34,17,77098,9,1,High
41,12,81990,6,2,Medium
27,3,197610,5,4,High
14,20,130572,7,4,High
58,4,266981,6,4,High
9,21,299357,9,5,Medium
40,15,154693,7,3,High
38,24,205295,2,3,Medium
56,3,291498,5,3,High
35,4,98274,6,5,High
14,18,296278,9,4,Medium
23,17,69601,0,3,Medium
36,15,294053,0,4,Medium
5,18,42062,6,2,High
9,19,254309,2,3,Low
49,23,195803,2,2,Medium
8,9,166225,4,5,Medium
20,26,171553,5,1,Medium
28,28,129270,1,5,Medium
20,19,224672,2,5,Medium
59,9,114981,5,5,High
6,15,134470,2,3,Medium
53,7,189277,4,2,Medium
32,28,118887,8,3,High
36,19,172012,2,1,Medium
31,5,237866,5,5,High
24,9,119299,4,4,Medium
28,28,270491,4,1,Low
16,19,91597,5,2,Medium
54,9,287808,5,1,Medium
39,23,273554,0,3,Low
37,3,263983,8,4,High
37,19,296129,4,3,Medium
55,19,204124,0,5,Medium
47,13,180635,7,5,High
41,27,208394,6,1,Medium
16,29,222317,6,5,Medium
7,5,218297,4,5,Medium
5,17,282773,0,2,Low
37,23,243678,8,2,Medium
44,13,210580,8,3,Medium
14,28,291776,7,3,Medium
47,18,202903,4,2,Medium
48,27,209412,2,1,Medium
33,24,132951,7,2,Medium
17,11,237028,0,3,Low
16,26,102178,2,4,Medium
35,26,246383,6,5,High
50,3,189826,3,4,High
6,27,99893,6,4,High
55,24,286682,4,5,High
54,18,268886,5,2,Medium
39,11,171707,6,1,Medium
27,21,39964,9,4,High
21,14,256118,6,1,Low
30,21,243869,6,3,Medium
12,24,245862,6,4,Medium
33,11,238000,6,3,Medium
30,9,42336,2,2,Low
14,16,112212,2,4,Medium
30,21,75591,6,3,High
38,21,128537,1,3,Medium
55,4,44429,1,2,Medium
45,11,114294,2,1,Medium
11,15,214087,3,1,Low
8,17,241979,5,4,Medium
57,5,67310,7,2,High
54,13,131827,9,4,High
49,23,229899,9,1,Medium
15,16,237500,6,2,Low
33,27,129862,3,5,High
40,10,80255,1,2,Low
29,20,252603,1,2,Low
25,21,297553,3,5,Medium
40,18,72438,5,3,High
14,4,271482,2,3,Low
41,10,271310,5,3,Medium
13,24,291084,4,1,Low
28,8,217934,4,2,Low
39,14,237374,1,5,Medium
53,17,257402,7,1,Medium
39,27,187217,4,5,High
52,10,56442,1,1,Medium
40,6,111948,6,1,Medium
22,17,284657,8,1,Low
53,22,105791,8,5,High
43,27,72406,0,4,High
36,19,70524,6,1,High
28,15,184404,8,3,Medium
27,20,140160,5,2,Medium
36,4,176836,0,4,Medium
41,15,188635,1,4,Medium
16,15,197442,3,5,Medium
53,24,297206,3,4,High
59,17,74645,1,5,High
17,22,299388,7,5,Medium
27,29,266481,1,3,Low
29,12,287320,2,1,Low
39,5,115501,3,4,High
45,21,147450,8,1,Medium
34,5,225543,9,1,Medium
21,24,271605,0,1,Low
53,16,230658,7,5,High
24,10,46709,4,1,Low
52,29,242330,6,4,High
29,25,199746,7,5,High
26,6,130025,4,4,Medium
17,29,181152,7,5,High
23,22,214484,9,2,Low
53,13,220043,7,2,Medium
40,28,95480,8,2,Medium
16,13,272840,1,2,Low
45,29,264622,2,5,Medium
23,13,147265,0,1,Low
16,4,243083,3,3,Low
13,19,148922,4,3,Medium
11,11,151280,0,2,Low
32,4,234736,7,1,Medium
18,26,193522,1,4,Medium
35,17,114433,0,1,Low
56,18,103704,1,4,High
23,27,36861,4,3,High
51,6,268366,8,1,Medium
20,10,93888,8,1,Medium
57,11,91293,1,3,Medium
9,28,243596,1,1,Low
39,28,98515,2,4,High
16,7,299209,6,1,Low
29,18,198756,2,4,Medium
56,15,118720,0,2,Medium
25,9,194437,5,1,Medium
40,28,218929,2,4,Medium
57,22,166694,0,3,Medium
27,19,271540,3,2,Low
20,5,121141,0,1,Low
43,7,276476,0,4,Medium
49,21,52995,1,1,High
57,14,110141,9,4,High
46,29,169491,7,1,High
43,9,194909,1,2,Low
18,11,100799,1,2,Low
35,8,209949,9,1,Medium
9,28,260739,9,1,Low
39,19,67276,7,5,High
27,18,64523,5,1,High
33,25,227127,3,1,Low
47,5,40514,2,2,Medium
15,23,77456,0,1,Medium
22,28,37233,2,3,High
51,6,293246,8,1,Medium
16,12,96133,4,5,Medium
13,7,134085,5,4,High
14,23,139101,4,2,Low
48,24,138684,0,3,Medium
21,12,124937,9,4,High
42,14,71548,0,3,Medium
11,12,239272,3,2,Low
50,15,143815,2,5,High
17,13,250994,7,2,Low
44,24,157602,6,3,High
46,18,156270,6,3,High
13,10,51182,7,2,Medium
54,10,223691,9,1,Medium
31,29,262362,6,2,Medium
6,27,227008,9,5,Medium
9,10,171488,1,2,Low
33,15,164484,3,4,High
41,29,54406,5,1,High
42,4,294019,2,4,Medium
23,14,239097,2,2,Low
12,12,188058,5,1,Medium
52,14,230919,0,4,Medium
49,13,40794,0,4,High
5,17,229542,4,1,Low
26,18,177478,0,1,Low
56,19,276969,9,3,High
21,28,71708,7,1,High
11,4,204469,1,2,Low
29,20,153313,5,5,High
49,14,266668,9,3,High
8,21,48482,9,1,High
40,28,193543,4,5,High
10,25,84213,9,3,Medium
35,20,268697,3,2,Low
23,19,35435,0,5,High
48,8,169565,2,1,Medium
58,27,233299,3,1,Medium
43,17,61498,1,2,Medium
31,5,65825,1,3,Medium
14,8,35574,1,5,Medium
30,5,160698,0,2,Low
23,3,199251,9,3,Medium
43,15,72782,1,4,Medium
7,23,90561,5,4,High
49,28,56751,2,3,High
17,16,86572,9,1,Medium
54,15,66069,4,1,Medium
32,29,243262,0,4,Medium
24,6,256090,7,1,Low
32,9,288245,3,1,Low
12,24,211303,8,3,Medium
45,12,109468,3,3,Medium
43,9,190371,1,1,Low
5,23,120715,2,3,Medium
7,17,100793,4,5,Medium
17,17,218206,9,4,Medium
32,6,141672,5,5,High
53,25,172321,6,5,High
29,25,150902,3,1,Low
37,8,51390,6,1,Medium
42,26,50369,9,5,High
57,22,173953,2,5,High
10,28,254872,6,2,Low
48,7,268634,3,2,Medium
49,22,77013,7,4,High
36,14,147341,8,5,High
49,3,224692,6,3,High
51,10,176826,7,2,High
25,3,137584,7,1,Medium
20,7,108113,1,5,Medium
58,24,65282,8,3,High
25,8,197809,5,3,Medium
15,23,126651,3,3,Medium
41,5,276549,4,1,Low
40,17,115395,9,2,Medium
39,7,41345,4,3,Medium
23,26,227472,6,2,Low
24,16,42055,8,4,High
22,20,115283,6,1,Medium
51,18,74484,8,2,High
45,8,107514,3,2,Medium
53,27,120135,9,3,High
18,26,218726,9,3,Medium
19,16,244223,3,1,Low
35,29,147399,5,2,Medium
5,26,210645,7,5,Medium
57,10,203805,8,3,High
58,9,159344,0,3,Medium
58,10,172832,0,4,High
7,15,143226,7,1,Medium
20,8,129250,6,2,Medium
27,20,212058,8,2,Low
15,4,195404,2,2,Low
16,10,201172,9,3,Medium
14,13,166016,4,1,Low
36,3,78825,2,2,Medium
20,24,43877,4,5,High
12,8,159065,9,4,High
42,18,138443,0,4,Medium
16,29,147674,3,2,Low
28,22,145074,5,3,Medium
32,14,281881,1,4,Medium
57,13,61629,6,4,High
12,29,184030,7,4,High
32,12,195279,0,4,Medium
40,5,292199,3,2,Low
30,15,279084,3,1,Low
12,29,118697,4,1,Low
54,5,193945,3,3,High
32,17,131505,8,5,High
32,18,227277,6,1,Medium
41,15,186390,1,5,Medium
45,19,63734,0,1,Medium
40,5,243299,8,1,Medium
31,22,179594,0,3,Medium
58,13,172728,5,4,High
21,29,176965,1,3,Low
13,23,125872,3,1,Low
37,21,199524,5,4,High
57,24,174338,4,4,High
24,13,146603,5,4,High
17,18,46940,2,5,High
32,23,185075,4,1,Medium
52,5,157880,1,2,Medium
33,24,128408,6,3,High
17,8,191941,2,5,Medium
50,16,79297,0,3,High
39,26,90107,7,2,Medium
10,20,49622,7,4,High
22,19,169909,2,2,Low
55,6,176479,6,3,High
9,25,190381,8,2,Medium
51,17,123190,7,1,High
29,13,282356,2,2,Low
6,28,247984,1,1,Low
14,5,30370,9,2,Medium
34,5,292630,6,1,Medium
54,18,56613,6,1,High
49,7,273876,8,2,Medium
9,23,33196,4,5,High
59,12,256009,3,4,High
37,21,38572,7,4,High
58,27,75853,3,4,High
5,6,193347,3,1,Low
22,21,146074,1,4,Medium
36,13,73209,0,1,Low
51,4,124244,3,5,High
53,12,262067,6,2,Medium
15,13,283516,8,2,Low
25,27,238472,8,1,Low
30,22,130300,9,1,Medium
29,18,228033,0,5,Low
26,21,87175,4,4,Medium
31,25,131551,6,5,High
53,26,276984,6,2,Medium
17,13,86866,9,2,Medium
37,16,147752,5,4,High
38,4,283564,9,2,Medium
45,25,276592,3,1,Low
39,7,45401,2,2,Medium
5,29,245432,8,3,Medium
25,7,195486,9,4,High
52,21,177214,3,4,High
59,23,276200,7,4,High
10,14,240536,0,3,Low
32,20,236329,6,5,High
21,6,106693,5,1,Medium
9,24,65135,0,4,High
35,19,166262,3,2,Medium
9,12,100199,4,1,Low
42,22,34331,7,2,High
7,8,213258,3,1,Low
57,27,242854,2,1,Medium
27,16,55761,1,2,Medium
41,13,295406,3,2,Low
57,13,285792,9,1,Medium
41,20,214544,3,4,Medium
14,29,114667,9,2,Medium
14,25,34677,4,3,High
23,24,234580,6,3,Medium
21,20,160334,8,1,Medium
25,26,90148,1,5,Medium
18,25,105271,4,1,Low
13,13,64457,9,1,Medium
50,23,72531,8,4,High
5,14,234335,2,4,Medium
55,7,158027,0,5,High
49,25,224243,1,5,Medium
17,11,287231,5,5,Medium
8,29,279301,4,5,Medium
5,27,75771,0,5,High
53,11,123135,0,1,Medium
44,24,96354,3,1,Medium
36,12,142743,3,3,Medium
38,24,274453,5,3,Medium
32,21,63892,5,2,High
35,3,232268,9,1,Medium
12,9,125057,5,5,High
43,6,68409,0,2,Low
30,3,276889,9,4,Medium
38,17,179457,8,1,Medium
58,10,56382,6,3,High
58,14,106675,6,1,High
7,24,52419,6,1,High
54,24,111238,1,1,Medium
16,20,255825,1,1,Low
5,17,200363,5,4,Medium
58,19,65169,6,3,High
48,16,92182,2,1,Medium
9,16,189413,3,4,Medium
34,20,207216,2,2,Low
34,22,109360,6,1,Medium
21,20,43444,6,4,High
52,18,153662,3,5,High
51,3,275488,6,2,Medium
27,25,128843,4,3,Medium
19,29,142150,0,1,Low
41,13,286620,9,1,Medium
25,17,124826,3,4,Medium
18,14,255121,6,3,Medium
6,10,271435,1,5,Low
15,24,154713,1,2,Low
55,22,85612,0,3,Medium
43,8,130474,1,1,Low
42,5,69710,9,4,High
38,26,143096,7,5,High
42,28,239417,7,4,High
54,15,241463,7,2,Medium
38,15,124924,0,3,Medium
22,4,298602,0,4,Low
34,7,167925,9,4,High
19,19,48320,3,1,Medium
31,8,124154,5,4,High
55,4,82243,7,5,High
38,6,206687,1,3,Low
56,24,102833,2,2,Medium
42,28,123476,5,4,High
37,13,144560,9,5,High
28,10,67941,3,2,Low
19,14,55368,1,5,Medium
34,10,233990,6,4,High
59,13,287481,3,4,High
46,24,30801,7,3,High
55,22,136538,7,1,High
21,10,115269,6,5,High
9,10,283765,9,1,Low
33,28,121679,8,1,Medium
8,19,186777,3,2,Low
14,22,221375,6,2,Low
21,22,191792,9,5,High
14,25,63351,9,1,High
21,18,141023,0,3,Low
24,16,197217,3,1,Low
28,13,117948,1,2,Low
9,9,250686,8,1,Low
38,18,249188,4,4,Medium
10,15,291677,2,4,Medium
57,29,207476,3,3,Medium
6,17,180641,5,5,High
17,26,155074,9,1,Medium
47,18,290078,0,4,Medium
47,29,84437,6,5,High
52,23,186810,7,4,High
15,25,120410,6,5,High
55,26,49731,6,5,High
51,11,171203,8,4,High
27,5,215169,3,2,Low
59,21,295033,6,5,High
20,22,39569,8,1,High
35,7,236749,4,4,Medium
15,12,115192,1,2,Low
58,19,284829,4,4,High
20,17,117154,3,3,Medium
12,25,238542,7,1,Low
8,27,138073,4,3,Medium
44,10,249894,8,5,High
8,17,299756,8,5,Medium
29,23,81644,2,3,Medium
7,16,62069,9,3,High
36,22,175006,5,5,High
7,9,48706,5,2,Medium
31,23,204588,3,1,Low
33,25,133602,9,4,High
36,14,154746,2,3,Medium
54,19,50431,0,1,High
55,19,217805,6,4,High
23,12,70088,4,4,Medium
25,21,205207,9,3,Medium
9,16,261110,6,2,Low
22,13,61385,0,2,Low
32,4,148104,7,1,Medium
46,20,42818,2,1,High
26,9,185049,6,5,High
25,14,79832,2,2,Low
10,28,113990,2,1,Low
5,4,239966,9,5,Medium
9,29,102204,8,4,High
45,22,75784,1,1,Medium
16,20,39921,3,5,High
30,8,285564,5,2,Low
50,26,119506,2,4,High
38,12,104408,9,1,Medium
53,22,153852,9,2,High
18,17,245838,6,4,Medium
30,7,56708,6,3,Medium
49,22,48847,4,2,High
31,5,85989,2,3,Medium
13,7,34922,1,1,Low
30,27,82335,3,5,Medium
51,10,180453,3,1,Medium
26,10,52948,7,2,Medium
51,10,122264,7,3,High
34,14,89072,4,3,Medium
47,26,243321,5,4,High
52,25,163558,7,1,High
21,10,96691,0,1,Low
30,13,171154,4,2,Low
40,16,37086,3,3,High
5,10,97853,3,2,Low
12,26,268922,1,2,Low
53,12,78380,9,3,High
39,9,299992,0,2,Low
56,19,44274,5,3,High
19,6,290115,6,2,Low
51,15,126494,4,5,High
26,6,145981,7,2,Medium
18,7,196305,8,2,Medium
30,28,46304,1,5,High
32,24,229783,3,1,Low
27,6,140777,8,3,Medium
18,20,121549,4,4,Medium
28,8,123464,2,5,Medium
6,26,136748,5,1,Medium
49,26,284174,2,2,Medium
30,25,161074,4,1,Low
18,24,283890,2,5,Medium
55,4,80411,5,2,High
11,25,288901,9,1,Low
7,13,125696,4,4,Medium
51,16,181779,8,3,High
27,7,176320,2,3,Medium
50,8,101309,5,5,High
47,12,239394,7,2,Medium
51,10,176109,6,2,High
49,16,97421,5,3,High
22,26,266436,1,1,Low
42,5,43450,6,2,Medium
39,14,39491,7,4,High
55,18,147026,0,4,High
19,25,104804,8,2,Medium
29,19,149498,3,2,Low
59,3,268515,7,3,High
41,25,226701,9,5,High
32,12,272223,6,3,Medium
14,27,39967,9,5,High
43,25,242826,6,4,High
21,12,235235,1,5,Low
43,23,200491,0,3,Low
26,26,58876,3,2,Medium
30,4,249516,1,5,Low
48,11,181043,7,3,High
29,24,259192,9,4,Medium
21,15,284767,6,5,Medium
17,27,282313,7,4,Medium
24,18,58261,5,4,High
29,20,136601,0,1,Low
8,21,91260,8,5,High
14,14,86176,5,3,Medium
7,10,172412,9,5,High
45,19,196465,0,5,Medium
49,17,132153,0,4,High
22,12,178348,7,4,High
51,17,37310,5,4,High
40,17,196239,7,4,High
51,25,171463,7,3,High
26,9,152013,7,2,Medium
38,15,211693,9,1,Medium
51,19,171964,6,4,High
12,11,239658,6,4,Medium
44,10,202687,9,1,Medium
53,22,208625,3,4,High
48,28,139264,8,2,High
23,29,109071,1,5,Medium
46,23,202074,8,1,Medium
45,20,100658,9,3,High
41,15,39852,2,1,Medium
10,18,297531,1,2,Low
56,11,160381,3,3,High
30,14,264484,4,5,Medium
38,14,233754,1,4,Medium
49,8,161632,0,1,Medium
10,21,293456,9,3,Medium
41,9,117566,4,1,Medium
37,27,264750,8,5,High
57,5,105542,4,1,Medium
26,18,138237,9,3,Medium
25,20,117502,8,2,Medium
10,18,38749,9,3,High
10,25,191855,5,1,Medium
59,9,90645,2,5,High
52,6,243933,3,4,High
8,29,83175,3,4,Medium
34,27,178395,0,5,Medium
15,10,80762,2,1,Low
34,15,94222,2,5,High
35,15,219400,0,1,Low
28,19,285539,8,3,Medium
59,19,42213,0,2,High
13,7,127367,8,1,Medium
59,8,208002,0,4,Medium
7,21,188785,1,4,Medium
55,15,137157,1,2,Medium
35,27,259408,5,1,Medium
44,28,62583,6,2,High
41,16,158792,0,3,Medium
40,24,109944,2,2,Medium
28,6,52369,1,3,Low
35,9,209000,7,4,High
10,10,49510,8,3,Medium
6,27,42120,1,1,Medium
24,15,129847,1,1,Low
32,29,128575,9,1,Medium
15,8,297439,8,1,Low
8,8,50460,3,5,Medium
19,26,44963,4,3,High
10,23,57328,8,1,High
58,5,154034,5,2,High
53,5,51605,9,2,High
34,15,205885,8,5,High
42,24,207443,8,3,Medium
55,4,138241,6,3,High
6,18,221848,9,3,Medium
19,24,284289,8,5,Medium
15,8,197984,4,3,Medium
12,10,199446,4,3,Medium
30,25,233374,7,1,Low
55,10,92784,9,3,High
49,27,51274,3,1,High
48,8,159994,8,1,High
9,16,247220,6,3,Medium
10,5,222070,6,2,Low
30,12,273768,2,4,Medium
58,5,198206,3,2,Medium
8,29,173435,6,3,Medium
23,14,99672,4,3,Medium
24,19,76246,2,2,Medium
37,29,119110,0,3,Medium
24,7,294954,6,1,Low
53,22,220932,5,5,High
16,27,238271,9,3,Medium
51,11,101688,6,3,High
5,23,223435,1,2,Low
30,28,103535,3,1,Low
18,22,100864,1,2,Low
42,9,164693,7,2,Medium
41,24,148371,6,3,High
15,6,119792,0,1,Low
40,15,205505,1,3,Low
17,15,287416,1,3,Low
47,12,96188,3,3,High
7,20,216023,2,3,Low
37,19,268188,0,5,Medium
10,22,66558,1,4,High
54,22,158938,8,1,High
14,15,176731,0,5,Medium
9,19,280272,8,4,Medium
27,24,58067,6,4,High
14,6,117794,1,4,Medium
48,3,31379,1,5,High
6,3,138541,4,1,Low
17,17,249499,4,2,Low
44,15,144634,3,4,High
6,19,283579,9,2,Low
24,26,133915,9,2,Medium
5,28,240494,2,3,Low
41,10,246915,3,2,Low
13,20,159560,9,3,Medium
21,29,185915,3,1,Low
13,15,166984,1,1,Low
15,25,182586,4,3,Medium
19,16,248431,4,1,Low
28,10,218104,4,4,Medium
42,10,167521,9,1,Medium
59,29,162797,0,3,Medium
39,28,39304,5,4,High
34,17,155555,1,2,Low
35,29,124488,6,2,Medium
53,15,288490,3,2,Medium
9,9,173748,4,3,Medium
48,7,291602,4,2,Medium
54,19,168518,4,1,Medium
18,27,246669,1,2,Low
57,18,118207,4,5,High
15,25,218704,2,5,Medium
13,4,228017,3,2,Low
38,24,103741,1,2,Low
16,20,46365,3,5,High
39,19,225929,8,2,Medium
39,9,277481,7,4,High
5,15,176776,2,5,Medium
44,20,190974,0,3,Medium
26,16,262366,0,5,Low
33,20,280319,5,1,Medium
12,15,64012,2,4,Medium
15,13,172487,3,3,Medium
45,23,51686,0,2,Medium
41,23,238270,7,1,Medium
18,18,189815,0,1,Low
34,25,62161,4,4,High
39,19,277066,5,3,Medium
25,10,269689,1,1,Low
41,21,294546,6,3,Medium
9,22,93190,6,3,Medium
23,17,276256,0,1,Low
18,11,189254,3,3,Medium
30,22,44915,3,4,High
8,12,293053,4,1,Low
29,14,95908,0,4,Medium
49,23,157337,0,4,High
46,25,64112,6,3,High
29,22,235123,8,3,Medium
22,3,32431,0,1,Low
44,27,116590,1,2,Low
12,22,147472,5,1,Medium
43,11,237193,5,4,High
44,24,91264,1,3,Medium
18,17,193030,8,4,High
36,3,149502,3,5,High
55,14,260395,6,5,High
42,5,162475,5,4,High
37,13,235463,2,2,Low
27,4,199708,7,2,Medium
19,18,265706,6,1,Low
37,11,208901,8,1,Medium
29,17,170302,2,1,Low
21,14,81977,0,3,Low
37,3,255864,1,2,Low
51,15,55651,0,4,High
59,16,127919,4,5,High
6,27,216944,9,2,Low
18,27,147776,1,2,Low
57,10,174811,2,2,Medium
44,10,160697,7,1,Medium
44,29,209428,9,3,Medium
55,14,31789,4,4,High
43,3,266974,3,1,Low
55,13,291413,4,3,Medium
10,10,198678,9,2,Medium
10,12,74135,5,3,Medium
7,21,67067,6,1,High
11,13,200923,8,2,Low
55,9,237925,0,1,Low
12,13,193944,3,4,Medium
46,19,99103,8,2,High
56,3,116310,4,3,High
19,28,67412,7,1,High
51,23,231002,0,5,Medium
33,23,52228,3,3,High
37,10,150627,8,3,High
56,25,41319,0,2,High
34,26,36475,0,3,High
43,8,258163,3,1,Low
31,24,175800,2,5,High
40,20,271382,6,4,High
33,8,259484,2,5,Medium
42,7,222828,0,1,Low
37,15,229847,9,2,Medium
41,21,183817,1,1,Low
31,24,293389,9,3,Medium
59,10,147408,3,2,Medium
37,11,142143,0,4,Medium
8,19,217965,0,4,Low
26,5,262298,7,1,Low
6,21,98049,6,3,Medium
14,13,258953,7,4,Medium
9,26,240503,3,5,Medium
14,19,200821,5,2,Low
37,23,234829,2,5,Medium
58,21,232646,7,4,High
42,4,88601,3,4,High
17,10,176154,2,1,Low
35,21,175720,3,1,Medium
51,9,292508,5,2,Medium
40,29,195640,6,1,Medium
49,19,235704,6,3,High
28,8,299580,3,2,Low
56,21,54544,7,3,High
19,26,93295,6,1,Medium
33,8,226787,1,2,Low
12,4,99409,7,4,High
9,8,279720,8,5,Medium
33,25,156839,4,4,High
51,7,206637,3,3,Medium
8,21,231068,3,4,Medium
16,22,95888,3,4,Medium
49,6,217167,5,5,High
6,24,34507,3,5,High
31,28,73988,6,4,High
35,19,177937,6,5,High
55,13,57213,4,4,High
55,6,87450,4,2,Medium
40,28,92222,9,4,High
40,15,184468,7,1,Medium
30,22,42755,6,5,High
47,28,161937,6,5,High
31,19,172245,5,3,High
9,11,219977,6,3,Medium
24,6,199169,6,1,Medium
15,25,265132,9,5,Medium
14,16,165090,1,5,Medium
44,21,297336,9,3,Medium
42,28,294159,1,3,Low
10,5,229988,9,4,Medium
12,16,58343,6,5,High
27,10,35829,9,5,High
51,26,64381,6,4,High
30,29,242153,6,5,Medium
50,3,264748,4,1,Medium
47,12,251970,0,3,Medium
16,20,30148,1,3,Medium
30,18,102914,8,3,Medium
17,10,90653,7,2,Medium
44,3,253607,7,1,Medium
22,14,222593,9,1,Low
29,10,39795,0,4,Medium
37,26,94555,5,2,Medium
51,18,265068,8,5,High
44,20,133107,7,1,Medium
47,6,257650,2,2,Medium
16,8,197022,3,2,Low
48,14,41009,2,1,Medium
40,29,208168,5,4,High
52,11,180616,8,2,High
8,17,59381,7,3,High
9,18,98122,9,2,Medium
41,26,244709,3,5,Medium
12,14,117228,1,1,Low
46,26,110770,7,5,High
53,25,82726,7,4,High
32,16,218210,5,3,Medium
35,15,251454,7,1,Medium
13,27,207265,8,2,Low
58,4,275074,0,3,Medium
55,5,110857,8,2,High
33,28,289405,1,4,Medium
18,26,220128,0,1,Low
44,24,147928,7,4,High
45,12,88706,7,4,High
26,11,85006,3,4,Medium
15,28,117238,7,4,High
27,22,278018,6,2,Low
5,10,224227,1,5,Low
50,12,107271,4,2,Medium
41,21,73013,9,3,High
25,5,112600,3,4,Medium
30,26,129290,2,3,Medium
50,7,246110,0,2,Low
40,5,161832,4,4,High
58,28,54142,9,2,High
27,29,161436,7,4,High
5,18,267403,8,2,Low
58,19,62535,6,1,High
59,17,46105,0,5,High
55,5,169011,0,5,High
44,14,109472,0,4,Medium
19,11,203101,1,1,Low
25,23,176935,0,3,Low
51,14,108097,3,1,Medium
13,28,291674,9,4,Medium
57,17,171519,8,1,High
13,4,126160,3,3,Medium
14,25,76940,3,4,High
56,20,239019,6,5,High
57,22,115001,8,1,High
30,14,264824,6,5,Medium
45,25,180714,0,5,Medium
39,6,257870,0,2,Low
56,25,256971,3,3,Medium
29,18,228715,3,1,Low
30,25,37928,0,5,High
15,18,78002,5,5,High
42,3,144614,9,3,High
6,24,147517,1,5,Medium
11,27,186089,4,5,Medium
22,4,109064,7,5,High
31,5,80893,2,5,High
38,28,68598,8,2,High
31,23,168595,6,2,Medium
21,27,111060,8,4,High
47,22,52694,0,1,High
48,19,291401,4,3,Medium
55,22,276848,2,4,High
58,24,183463,3,2,Medium
28,23,296755,3,2,Low
29,3,39372,6,2,Medium
11,22,185384,9,4,High
56,8,175152,7,2,High
10,17,142945,9,4,High
57,28,126213,4,2,Medium
28,28,50874,9,5,High
37,16,234986,6,5,High
53,22,41600,2,1,High
33,17,278430,2,2,Low
47,16,185887,2,1,Medium
26,27,245572,3,4,Medium
30,23,124348,5,1,Medium
32,26,135736,4,2,Medium
54,27,165797,7,4,High
25,28,181756,4,4,Medium
53,7,141573,4,5,High
11,8,55457,9,4,High
21,19,92894,1,4,Medium
24,13,91305,4,1,Low
45,18,173684,6,4,High
53,14,263913,1,3,Medium
24,17,239699,5,5,Medium
58,25,30559,6,5,High
26,6,67361,4,4,Medium
32,29,258748,8,1,Medium
44,20,218992,3,5,Medium
53,23,273950,9,5,High
11,5,30037,0,3,Low
5,24,204104,7,4,Medium
36,10,127243,7,5,High
17,25,159380,6,5,High
34,5,288430,7,5,High
27,10,64600,1,5,Medium
55,20,209357,2,1,Medium
23,12,223080,8,2,Low
36,27,297311,0,3,Low
34,22,287351,7,1,Medium
33,19,30432,7,3,High
53,10,291550,6,5,High
49,25,99687,4,3,High
33,13,274288,3,4,Medium
34,7,215221,9,4,High
20,28,248712,9,2,Low
44,15,217840,9,2,Medium
23,23,194329,9,3,Medium
22,25,205746,5,1,Low
5,7,206443,0,1,Low
18,26,259354,4,5,Medium
55,29,198369,3,1,Medium
51,15,64743,3,2,Medium
54,8,229824,6,1,Medium
6,7,109803,8,5,High
58,11,231123,7,4,High
32,29,52076,7,1,High
53,18,271424,4,1,Medium
54,4,236384,5,2,Medium
34,3,280699,1,3,Low
42,10,164035,2,4,High
55,21,174938,4,3,High
8,13,193377,1,5,Medium
5,14,243968,2,5,Medium
12,14,296656,3,3,Low
33,9,280703,5,2,Medium
59,28,177702,4,2,Medium
43,15,147907,9,2,Medium
7,29,235591,3,4,Medium
36,10,94591,1,5,Medium
14,24,239633,4,5,Medium
14,28,263559,4,5,Medium
23,11,150533,6,4,High
50,9,133627,0,5,High
38,28,158381,3,3,Medium
37,23,272264,4,1,Low
27,26,103309,7,4,High
59,17,255074,7,1,Medium
32,4,173573,0,3,Medium
36,25,66382,4,2,High
54,22,252426,9,2,Medium
11,27,53341,0,2,Medium
33,14,175439,0,4,Medium
12,3,256280,1,2,Low
5,25,161066,1,4,Medium
59,24,230940,8,4,High
7,10,289252,3,1,Low
28,7,115820,2,2,Low
27,17,89949,0,5,Medium
12,3,240377,1,2,Low
58,3,92543,5,2,High
51,27,291878,8,2,Medium
41,12,234446,4,5,Medium
7,24,238851,3,5,Medium
55,12,189011,4,4,High
37,23,97381,8,5,High
32,17,132416,6,4,High
51,19,42780,7,1,High
12,24,78458,3,4,High
38,8,293653,7,2,Medium
39,5,207946,5,3,Medium
36,15,61533,4,3,Medium
28,18,293503,6,2,Low
18,10,149119,5,4,High
36,17,251140,2,2,Low
50,19,275840,4,5,High
47,19,218057,8,4,High
20,24,278182,6,2,Low
8,28,141095,3,5,Medium
56,15,169152,6,5,High
41,19,195029,4,4,High
58,8,256952,1,1,Low
25,19,151292,5,1,Medium
18,18,120570,6,5,High
35,16,153791,7,1,Medium
59,15,68314,5,5,High
52,8,262061,7,1,Medium
22,5,235993,6,5,Medium
11,16,176903,1,5,Medium
14,16,75708,5,5,High
11,17,196866,8,5,High
37,10,69477,5,3,High
27,17,199809,3,1,Low
25,24,163692,6,5,High
23,29,264241,2,2,Low
52,15,283105,4,4,High
23,19,196129,0,2,Low
40,23,240462,9,2,Medium
33,26,83024,2,3,Medium
22,5,205183,7,1,Low
6,8,185146,8,3,Medium
5,7,47824,8,1,Medium
51,24,78926,9,5,High
9,28,197932,1,3,Low
24,19,254749,3,4,Medium
15,25,275453,4,1,Low
46,27,111371,2,3,High
6,4,187620,0,4,Medium
7,28,128066,5,2,Medium
27,17,199808,9,5,High
59,7,91562,1,5,High
16,28,132192,8,2,Medium
24,22,30840,0,3,Medium
9,8,240481,8,2,Low
41,8,61568,6,4,High
42,29,166971,9,1,Medium
34,20,116038,1,3,Medium
13,20,227173,5,1,Low
38,6,159789,7,2,Medium
57,19,104723,1,5,High
48,27,268755,4,1,Medium
39,16,270822,5,1,Medium
56,16,86888,2,5,High
26,15,213206,1,1,Low
48,9,298227,5,1,Medium
28,14,173670,2,5,Medium
21,25,122416,1,5,Medium
14,17,294724,0,2,Low
34,21,152834,7,2,Medium
50,13,142148,0,1,Medium
27,17,218467,4,3,Low
36,14,180594,5,2,Medium
21,5,226604,2,2,Low
54,19,63545,6,3,High
55,5,215151,1,3,Medium
21,21,65790,6,5,High
18,22,81012,1,2,Low
13,6,147827,4,4,Medium
44,5,290123,6,4,High
6,28,44260,2,1,Medium
49,18,226211,3,2,Medium
29,14,293218,0,4,Low
43,10,170547,2,2,Medium
13,26,239486,8,2,Low
58,19,176192,9,4,High
26,9,294130,4,2,Low
47,13,270201,7,3,High
50,20,193502,1,1,Medium
8,3,268569,2,5,Medium
30,5,85479,6,4,High
33,6,294320,9,5,High
49,15,114258,3,1,Medium
38,8,269423,8,3,Medium
27,28,114153,6,3,Medium
41,16,222990,0,3,Low
15,7,289642,3,3,Low
10,18,263984,9,4,Medium
22,17,107442,5,4,High
25,17,87124,5,2,Medium
46,6,289488,9,2,Medium
40,10,108947,5,1,Medium
45,29,126496,4,2,Medium
42,18,232509,2,1,Low
38,18,292037,1,1,Low
21,6,296626,2,1,Low
41,15,252036,8,3,Medium
29,28,200646,2,5,Medium
42,15,299482,2,5,Medium
16,4,203790,0,4,Low
27,5,173572,1,1,Low
57,24,172617,2,3,High
46,10,91480,1,2,Medium
26,26,166313,7,2,Medium
25,17,250386,5,4,Medium
31,13,34695,6,4,High
35,11,238138,0,1,Low
10,9,44318,5,1,Medium
31,15,213744,1,2,Low
44,4,121891,5,2,Medium
38,10,254757,2,2,Low
16,9,98754,6,2,Medium
49,26,70077,2,5,High
57,14,165311,8,1,High
11,21,271504,2,1,Low
14,9,165222,6,2,Medium
49,12,172181,3,3,High
21,27,260822,7,2,Low
30,18,187088,1,4,Medium
25,5,173008,7,3,Medium
32,12,172108,8,4,High
50,8,175093,7,3,High
6,20,143694,5,4,High
58,20,264456,9,2,Medium
47,7,242079,0,2,Low
5,23,274269,6,3,Medium
55,9,275385,0,4,Medium
57,4,153351,6,5,High
40,13,33770,1,3,Medium
55,15,83811,7,3,High
30,25,296145,1,1,Low
33,7,90848,2,3,Medium
25,8,82635,2,5,Medium
15,26,50946,0,2,Medium
44,28,125852,4,4,High
15,16,147729,4,1,Low
40,14,200231,9,4,High
53,6,177522,4,2,Medium
43,25,126748,8,3,High
44,8,269292,5,5,High
39,12,134733,5,1,Medium
58,20,156865,2,5,High
38,17,92576,4,5,High
59,10,185260,9,5,High
51,28,253687,6,5,High
28,11,165091,2,2,Low
58,7,42419,1,5,High
26,12,63697,4,5,Medium
9,22,125428,2,2,Low
37,8,169045,4,4,High
40,18,269073,8,2,Medium
51,26,116649,9,3,High
24,29,192357,0,2,Low
23,5,153168,3,4,Medium
39,12,118263,9,3,High
56,13,89155,4,3,High
47,13,46911,1,1,Medium
21,19,30916,1,5,High
49,6,262695,0,3,Medium
47,6,151937,7,3,High
38,19,115053,1,4,Medium
13,11,132395,2,3,Medium
30,21,227298,1,4,Low
6,7,55103,3,5,Medium
57,24,287777,0,1,Low
13,26,87730,2,1,Low
13,8,55825,4,5,Medium
44,5,237328,9,5,High
21,24,67271,0,2,Medium
5,3,107256,3,3,Medium
29,22,96433,5,3,Medium
47,24,243702,3,3,Medium
44,18,131999,6,4,High
46,25,262062,6,2,Medium
29,13,53572,5,3,Medium
43,15,68546,8,4,High
39,29,236271,1,4,Medium
7,12,66948,9,1,Medium
54,5,130819,7,4,High
41,11,52024,7,5,High
48,14,273480,9,4,High
48,25,112912,3,5,High
55,16,285233,5,5,High
34,3,263746,5,1,Medium
42,20,291139,4,1,Low
38,19,162828,0,4,Medium
16,29,261749,2,1,Low
23,11,132488,6,1,Medium
41,11,126741,7,3,High
48,25,219123,1,4,Medium
53,12,261773,2,4,High
21,21,204166,3,4,Medium
14,17,248961,4,1,Low
59,7,77367,2,1,Medium
53,17,268544,4,5,High
51,22,89884,7,2,High
16,25,174352,7,2,Medium
20,27,83251,1,2,Low
28,4,114821,5,3,Medium
23,15,113583,3,1,Low
12,26,274697,8,5,Medium
35,18,40207,9,5,High
25,17,232199,1,2,Low
21,27,57757,7,3,High
27,12,181328,0,3,Low
41,16,292070,5,2,Medium
58,12,71340,9,2,High
20,27,272955,0,1,Low
10,16,105320,1,3,Low
12,28,39399,2,5,High
29,25,156733,8,2,Medium
22,11,259920,4,1,Low
29,27,261615,9,5,Medium
16,16,115693,9,3,Medium
19,5,130931,1,2,Low
30,22,205963,9,2,Low
45,18,167852,4,1,Medium
49,4,103551,4,1,Medium
30,12,254691,0,3,Low
51,5,112016,2,2,Medium
36,13,143135,4,1,Medium
14,13,83010,8,2,Medium
20,23,262084,9,3,Medium
11,23,68165,0,2,Medium
21,24,210680,7,5,Medium
27,15,67136,0,2,Low
30,9,42076,8,4,High
25,25,185855,5,4,High
26,19,207788,0,3,Low
11,4,80298,7,3,Medium
18,14,99835,4,3,Medium
19,27,142424,6,5,High
57,12,169190,6,5,High
11,20,284394,6,2,Low
13,24,133088,5,1,Medium
55,29,45185,7,4,High
52,13,80613,8,4,High
12,18,271084,1,4,Low
54,19,194999,6,2,High
27,21,292530,1,2,Low
33,20,72678,5,3,High
22,5,247767,1,1,Low
35,23,91394,9,3,High
34,29,230017,5,2,Medium
56,28,145377,1,5,High
43,18,151716,0,3,Medium
39,8,217486,6,2,Medium
22,27,85918,2,2,Low
46,14,272556,3,5,High
43,13,190527,5,5,High
21,17,199807,4,5,Medium
18,17,124702,3,1,Low
35,18,135509,8,2,Medium
28,12,144310,5,5,High
39,14,229092,5,1,Medium
48,15,64622,1,4,High
49,6,139935,5,4,High
38,9,290440,6,4,High
7,24,147919,7,2,Medium
41,4,202026,7,1,Medium
47,28,99519,8,1,High
44,29,217187,9,4,High
30,29,286587,2,3,Low
59,29,178112,9,4,High
27,17,74772,6,2,High
48,10,152431,6,4,High
43,9,224904,0,4,Medium
19,17,188988,7,1,Medium
53,25,69080,3,4,High
8,16,136242,4,5,Medium
33,10,59048,5,5,High
26,14,115205,2,3,Medium
29,15,197403,4,2,Low
17,13,286392,9,2,Low
22,19,50968,4,1,Medium
37,19,264417,0,2,Low
20,26,41292,2,3,High
49,6,281942,2,5,High
46,23,279004,0,1,Low
48,10,114193,6,5,High
6,7,99165,0,3,Low
59,28,131398,6,1,High
39,18,252182,3,4,Medium
46,6,183329,8,2,High
38,24,130588,6,3,High
34,17,282822,4,1,Low
59,14,252345,6,5,High
17,7,238655,8,1,Low
17,25,292838,9,4,Medium
22,18,45588,5,3,High
36,16,222828,0,1,Low
36,12,272431,5,3,Medium
39,9,275456,0,3,Low
43,15,222214,3,5,Medium
50,22,94373,7,2,High
56,7,36704,4,4,High
33,5,70136,4,1,Medium
53,17,97507,9,2,High
33,6,77361,7,5,High
57,17,172513,7,2,High
48,16,44677,0,3,High
20,22,294012,4,3,Low
48,21,113591,4,4,High
51,15,103168,7,1,High
14,12,173115,0,1,Low
34,23,101939,6,5,High
29,7,265560,6,4,Medium
43,29,165174,8,1,Medium
24,25,49159,1,3,Medium
9,22,152366,2,4,Medium
5,22,226164,3,2,Low
34,27,298356,0,4,Medium
53,8,271876,6,4,High
7,6,254065,9,1,Low
49,4,40532,2,5,High
18,24,240126,2,5,Medium
34,18,246351,2,1,Low
54,20,133021,7,1,High
8,7,295415,8,1,Low
22,24,30209,9,5,High
41,6,252071,1,1,Low
29,15,166611,9,2,Medium
52,21,235214,9,2,Medium
5,25,139920,0,3,Low
57,4,260144,8,2,Medium
50,15,297751,5,4,High
19,13,246194,8,3,Medium
13,24,213011,5,2,Low
19,6,179666,1,4,Medium
53,24,37399,0,2,High
28,22,156812,7,4,High
8,22,128662,2,1,Low
16,17,168570,0,4,Medium
41,6,278304,7,1,Medium
41,11,37032,0,4,Medium
47,9,209166,7,4,High
10,21,132658,0,2,Low
43,21,85264,8,4,High
50,8,124120,8,2,High
28,8,77850,8,4,High
15,22,34722,2,5,High
17,17,34576,3,3,High
38,17,187779,4,2,Medium
29,27,71476,5,2,High
11,22,278292,8,1,Low
56,11,44439,3,5,High
8,6,74518,5,1,Medium
12,20,249123,0,5,Low
24,20,56962,1,5,High
33,7,269157,7,4,High
58,22,146189,3,1,Medium
57,25,140290,9,3,High
55,13,153980,6,5,High
49,7,257021,3,5,High
50,24,194342,8,2,High
14,28,72299,8,4,High
47,6,246877,3,3,Medium
38,14,61541,7,5,High
30,4,253070,5,2,Low
45,15,159188,0,1,Low
53,12,238150,6,5,High
7,11,249073,0,2,Low
10,12,50156,2,1,Low
9,9,246908,7,4,Medium
9,6,174507,8,1,Medium
58,21,230722,2,5,High
51,12,207408,0,3,Medium
27,5,103631,0,1,Low
53,27,99487,6,3,High
13,23,272735,4,3,Low
39,21,225254,0,1,Low
24,23,81786,5,4,High
53,4,98304,5,1,High
46,29,207586,3,2,Medium
39,22,150938,6,3,High
54,12,85107,6,5,High
22,4,275191,8,3,Medium
21,4,162232,0,5,Medium
28,26,102577,4,2,Low
7,19,245375,9,2,Low
36,18,290933,2,2,Low
39,18,134180,6,1,Medium
42,16,174954,3,3,Medium
17,9,241346,3,5,Medium
51,23,31095,0,2,High
29,13,202055,0,2,Low
13,26,44123,9,5,High
8,3,227687,1,3,Low
18,13,81999,1,3,Low
41,25,260849,0,5,Medium
38,23,67656,7,4,High
15,6,231587,5,3,Medium
45,9,290587,5,5,High
7,28,293356,9,5,Medium
32,17,150385,9,2,Medium
33,20,170073,8,5,High
13,14,108784,4,1,Low
7,19,61368,3,2,Medium
29,3,231891,5,2,Low
38,13,91160,7,3,High
16,3,186926,0,4,Medium
46,17,88784,6,3,High
13,23,56797,7,1,High
19,12,44780,8,2,Medium
44,9,67905,7,2,Medium
29,4,146049,6,5,High
9,12,159651,2,4,Medium
15,26,63359,1,4,High
38,6,103391,2,5,High
28,14,129596,3,1,Low
19,21,277414,3,4,Medium
42,28,180214,5,2,Medium
12,13,38625,6,1,Medium
9,10,205544,3,3,Low
52,20,153182,9,3,High
30,13,50566,5,1,Medium
22,13,63205,8,2,Medium
10,15,139084,5,3,Medium
41,5,59717,2,2,Medium
52,14,211056,0,5,Medium
17,5,189236,9,4,High
32,12,50169,9,1,Medium
9,29,158140,4,4,Medium
17,19,132537,9,5,High
21,24,276337,9,3,Medium
54,4,141301,2,2,Medium
44,19,261704,7,2,Medium
49,18,147419,9,5,High
36,4,235863,0,1,Low
33,24,258870,1,4,Medium
55,22,297926,2,3,Medium
7,8,96770,2,1,Low
44,27,87645,7,5,High
38,12,133509,4,5,High
44,12,260796,7,2,Medium
31,10,47152,5,3,High
17,3,268972,1,1,Low
49,15,246096,3,2,Medium
37,26,263731,8,3,Medium
10,11,211762,3,4,Medium
28,24,218392,4,4,Medium
23,12,217163,4,2,Low
20,17,68712,9,1,High
44,7,287387,7,3,Medium
32,24,266502,5,4,High
37,18,226349,9,4,High
52,15,50478,6,1,High
45,24,52551,5,2,High
17,27,78068,4,5,High
47,22,123608,4,3,High
49,20,65561,2,4,High
29,13,163964,6,5,High
57,29,48756,9,1,High
46,11,277652,4,2,Medium
40,18,281227,6,3,Medium
31,4,210378,1,1,Low
42,28,182418,8,2,Medium
11,27,256022,7,1,Low
9,4,35947,4,4,Medium
47,14,157192,1,4,High
49,10,287591,5,5,High
55,11,288492,7,1,Medium
35,14,268826,6,4,High
27,28,174490,7,2,Medium
46,11,256494,3,5,High
14,12,261391,2,3,Low
36,27,216256,6,1,Medium
47,4,275318,1,4,Medium
57,18,202905,4,2,Medium
34,22,48402,6,1,High
43,9,203917,0,2,Low
35,4,105851,3,5,High
22,3,42834,1,4,Medium
40,21,97850,5,4,High
6,6,67180,0,5,Medium
18,26,139688,6,2,Medium
17,24,236659,2,1,Low
33,29,157135,0,2,Low
16,4,184195,7,1,Medium
43,27,88481,6,5,High
6,16,103438,1,3,Low
36,4,141491,6,1,Medium
17,17,151844,2,4,Medium
50,14,86494,8,4,High
31,7,237167,7,4,High
53,22,84672,4,2,Medium
45,9,91821,6,2,Medium
21,26,99224,2,2,Low
44,23,264745,0,4,Medium
35,12,84796,0,1,Low
38,16,158554,1,4,Medium
28,16,296167,7,1,Low
49,7,275358,0,2,Low
39,20,243708,4,3,Medium
52,26,197807,8,2,High
10,16,69218,8,5,High
23,4,259766,1,1,Low
34,28,61017,6,3,High
11,14,49515,0,2,Low
14,24,238106,2,3,Low
45,26,31391,5,4,High
36,8,226278,8,1,Medium
38,6,139388,9,5,High
32,15,109720,1,4,Medium
19,6,172954,6,3,Medium
34,24,178345,3,2,Medium
41,16,75647,1,1,Medium
33,18,225964,2,5,Medium
26,6,72679,5,2,Medium
8,26,292571,9,5,Medium
24,27,258024,8,1,Low
36,3,96267,7,3,High
40,15,30799,9,5,High
54,6,37025,8,1,High
8,22,44481,3,5,High
31,20,257966,3,2,Low
21,8,135928,8,5,High
16,5,153014,7,2,Medium
26,25,81690,1,2,Low
21,15,82870,7,1,Medium
14,29,197207,0,4,Medium
58,18,116928,8,5,High
5,29,239870,8,3,Medium
26,7,100765,7,2,Medium
30,6,159941,4,4,Medium
22,23,53555,4,2,Medium
54,10,295232,2,4,High
18,21,75783,4,4,High
51,16,31115,3,3,High
33,9,229198,0,4,Medium
16,16,102908,8,3,Medium
40,8,99109,9,1,Medium
39,14,295122,3,2,Low
56,18,39422,2,3,High
16,19,204698,5,2,Low
11,15,119233,0,5,Medium
33,25,67743,4,1,High
15,16,231533,6,5,Medium
37,9,159000,1,5,Medium
10,16,59430,9,4,High
51,17,58834,8,4,High
19,14,54435,5,5,High
36,19,117212,1,4,Medium
55,11,85797,7,2,High
15,24,84555,7,4,High
27,17,115350,0,5,Medium
30,14,44716,0,4,Medium
38,4,90261,0,4,Medium
50,7,294139,3,3,Medium
38,15,52414,3,3,Medium
33,29,174916,7,5,High
8,22,197731,0,2,Low
21,25,45522,9,1,High
39,10,169596,2,1,Medium
17,29,60846,0,5,High
45,16,144930,8,2,Medium
43,17,236232,9,2,Medium
19,13,253734,8,2,Low
59,3,249739,6,3,High
33,23,153182,7,5,High
33,5,78591,0,1,Low
15,19,181786,4,2,Low
56,21,114106,1,5,High
36,16,108018,0,1,Low
6,24,194486,2,3,Medium
51,25,150832,6,4,High
18,10,116576,0,1,Low
24,15,240015,1,1,Low
26,29,284664,1,1,Low
15,22,206540,3,4,Medium
31,5,240774,2,2,Low
7,7,233180,2,4,Medium
21,11,122508,9,1,Medium
48,8,224405,4,3,Medium
32,27,72464,2,1,High
33,24,183995,6,3,High
25,4,146062,4,5,Medium
51,15,128384,3,3,High
20,7,228691,2,1,Low
41,29,207218,3,4,Medium
24,27,47140,1,1,Medium
10,10,294814,0,1,Low
23,25,74512,2,5,High
9,3,133565,1,2,Low
7,22,175763,0,1,Low
5,14,195334,0,5,Medium
42,25,215964,1,4,Medium
19,13,55595,8,5,High
38,9,218279,4,5,Medium
39,17,276661,8,3,Medium
53,24,194512,7,2,High
29,26,290300,5,2,Low
28,13,269644,0,4,Low
16,24,259820,9,5,Medium
22,28,238590,4,4,Medium
19,18,104191,0,4,Medium
48,5,130591,6,2,High
20,22,93753,9,2,Medium
31,16,90520,7,2,Medium
12,5,296152,7,1,Low
50,3,292640,6,5,High
29,28,150118,1,4,Medium
21,23,244418,4,5,Medium
33,17,146481,3,4,High
57,3,98259,4,4,High
12,19,79810,9,4,High
19,4,159926,8,4,High
31,22,34761,3,3,High
50,8,288414,7,3,High
54,10,46375,7,1,High
56,18,268117,1,2,Low
11,21,191637,5,4,High
7,3,132654,4,5,Medium
33,5,188145,1,3,Medium
48,5,230798,9,2,Medium
57,7,162955,3,1,Medium
28,29,210701,6,2,Low
7,14,225242,0,4,Low
24,14,104489,8,2,Medium
50,22,38381,9,4,High
19,15,174867,0,3,Low
29,22,92999,4,3,Medium
34,11,199564,6,4,High
18,9,181606,7,5,High
11,6,49996,1,3,Low
21,21,233161,3,5,Medium
48,24,135682,1,4,High
24,21,190477,3,4,Medium
40,8,287972,5,3,Medium
13,29,101325,5,5,High
42,15,58930,1,4,Medium
52,13,47529,3,3,High
26,15,83546,3,4,Medium
58,15,299692,0,2,Low
57,27,212088,1,2,Low
57,24,127780,2,3,High
6,22,292440,4,4,Medium
28,17,97945,7,3,Medium
12,23,89980,5,1,Medium
15,15,195301,2,3,Medium
17,24,126382,5,3,Medium
21,13,83444,6,2,Medium
12,21,290186,5,2,Low
25,10,188239,9,4,High
22,22,124527,5,3,Medium
34,10,113337,0,3,Medium
22,12,102894,2,4,Medium
50,28,93138,6,5,High
51,18,113038,3,4,High
35,21,168709,3,2,Medium
42,28,299066,6,2,Medium
36,25,123697,8,3,High
15,13,205793,1,2,Low
49,15,282097,8,4,High
29,11,230015,2,3,Low
37,22,154338,5,4,High
42,26,57843,3,4,High
45,21,170118,0,3,Medium
12,18,257997,8,5,Medium
15,9,156417,5,2,Medium
26,21,146585,7,1,Medium
55,14,60346,1,1,Medium
28,17,249356,6,1,Low
45,25,132391,5,2,Medium
21,16,173635,1,5,Medium
16,13,207132,1,4,Low
50,28,290609,3,3,Medium
36,12,151943,3,5,High
19,29,275534,2,1,Low
20,13,194762,7,2,Medium
58,8,255784,6,2,Medium
26,4,44925,1,3,Low
32,13,247859,2,4,Medium
24,21,113184,9,5,High
37,8,106515,8,5,High
14,16,229330,4,5,Medium
44,22,166427,1,4,Medium
36,8,255407,2,4,Medium
54,19,130854,7,4,High
37,12,204981,3,3,Medium
6,3,249678,1,2,Low
37,5,158501,1,1,Low
37,10,146361,5,4,High
45,10,214811,7,2,Medium
17,29,237892,6,4,Medium
34,22,117273,3,1,Medium
37,24,80818,1,4,Medium
17,17,181967,8,2,Medium
56,26,223481,3,3,Medium
30,9,148642,8,1,Medium
26,13,225428,4,2,Low
43,9,254083,6,5,High
6,6,125687,4,5,Medium
42,27,167098,1,5,Medium
43,14,171554,5,3,High
30,28,142105,6,4,High
50,8,143884,5,4,High
54,16,136968,2,4,High
19,14,251716,9,3,Medium
38,13,112001,7,5,High
46,21,69767,2,4,High
59,23,59550,4,3,High
48,7,174905,8,3,High
53,16,164042,4,2,Medium
44,23,128315,6,4,High
15,26,125494,6,5,High
7,18,157424,4,1,Low
10,27,112681,1,3,Low
13,15,210249,4,2,Low
10,27,282411,6,1,Low
13,24,222573,6,3,Medium
43,24,58900,3,2,High
35,27,44126,0,4,High
36,22,141198,5,2,Medium
45,24,231762,2,3,Medium
54,6,248816,4,4,High
16,13,246651,3,5,Medium
12,19,46978,1,2,Medium
12,9,86344,6,1,Medium
54,16,293199,4,4,High
32,28,105582,6,4,High
24,13,262459,8,5,Medium
51,24,111214,3,2,Medium
11,11,253232,4,1,Low
15,25,68725,8,5,High
24,15,275720,9,2,Low
20,25,83333,3,1,Low
8,20,291910,4,1,Low
10,13,195043,4,3,Medium
26,17,226221,7,1,Low
30,27,281831,3,2,Low
7,28,230122,3,5,Medium
45,27,236598,6,5,High
46,24,144832,4,3,High
18,21,173190,5,2,Medium
15,3,211601,5,1,Low
22,6,98682,5,3,Medium
58,16,253009,9,4,High
16,16,276553,4,2,Low
27,5,165486,4,3,Medium
16,19,113030,8,5,High
17,5,150360,7,3,Medium
29,18,165009,3,4,Medium
49,16,199737,6,2,High
55,22,144360,7,3,High
23,15,293894,8,1,Low
59,17,95018,4,2,Medium
50,16,270904,2,3,Medium
40,26,166817,3,3,Medium
49,27,222803,9,2,Medium
12,21,116984,5,5,High
33,8,222608,9,1,Medium
59,12,42150,4,2,Medium
57,29,180853,8,1,High
59,17,218489,2,1,Medium
36,23,48325,1,2,Medium
55,24,229756,5,3,High
48,22,234541,6,5,High
22,28,47669,4,1,Medium
10,8,237836,0,1,Low
22,25,162915,2,3,Medium
23,27,226681,2,2,Low
26,12,80812,3,5,Medium
41,9,282862,9,1,Medium
36,24,201840,5,1,Medium
45,19,55395,4,2,High
7,20,259707,0,3,Low
32,19,277181,5,4,High
14,11,234120,8,3,Medium
55,12,254839,0,1,Low
39,12,249882,7,1,Medium
33,27,133235,7,5,High
58,9,75510,2,3,High
19,18,117945,8,4,High
37,20,272802,7,5,High
11,8,280168,2,4,Medium
16,29,32881,9,5,High
53,22,141860,4,3,High
34,3,196415,2,1,Medium
25,3,169728,4,4,Medium
35,14,297885,8,3,Medium
28,23,177733,3,4,Medium
24,4,132566,5,3,Medium
41,6,101240,2,5,High
8,19,136898,2,3,Medium
32,6,239304,4,5,Medium
48,13,110522,7,1,High
24,24,175512,7,5,High
28,28,149107,2,2,Low
54,6,52462,7,1,High
53,3,122889,7,3,High
55,9,118952,2,3,High
36,20,223596,9,2,Medium
45,11,207505,9,3,Medium
40,5,251576,1,1,Low
57,10,249393,9,1,Medium
38,26,284084,1,5,Medium
40,21,159466,8,4,High
6,6,60531,6,3,Medium
19,20,44588,5,2,High
38,22,173452,6,1,Medium
40,29,203717,7,1,Medium
10,13,191929,0,1,Low
43,29,51711,7,4,High
46,16,166169,2,4,High
55,27,189465,2,3,High
55,20,190389,5,2,High
58,18,88480,3,4,High
16,5,299188,3,5,Medium
7,17,280309,3,4,Medium
49,29,85486,9,1,High
22,29,85162,8,2,Medium
44,6,240359,7,3,Medium
25,7,59882,2,4,Medium
19,19,84078,0,1,Low
37,9,268680,0,5,Medium
39,18,138730,0,5,Medium
30,16,204898,3,3,Low
12,28,128938,5,3,Medium
40,18,148319,3,4,High
52,9,62543,2,3,High
34,11,154279,7,1,Medium
27,6,59362,7,1,Medium
46,24,188818,5,1,High
48,13,272721,8,4,High
18,4,195229,9,4,High
18,14,172394,0,3,Low
6,14,99812,7,4,High
59,6,258208,5,1,Medium
41,20,158614,0,2,Low
9,28,126950,3,1,Low
42,23,204942,4,2,Low
49,9,94829,6,3,High
45,3,275602,7,5,High
58,28,40588,8,4,High
51,28,198217,5,4,High
18,25,238502,9,1,Low
43,28,164011,8,1,Medium
29,15,282856,3,2,Low
24,8,227639,7,4,Medium
6,8,171280,2,3,Medium
43,14,227170,3,1,Low
10,10,210564,9,4,Medium
21,26,50951,3,5,High
29,24,209992,5,2,Low
32,21,76766,8,1,High
6,7,189423,5,1,Medium
39,20,117122,0,3,Medium
41,7,113211,4,1,Medium
9,27,156534,8,4,High
5,12,38720,4,4,Medium
44,3,109993,5,4,High
16,12,249973,2,5,Medium
40,7,55905,7,5,High
49,14,234580,9,1,Medium
27,24,80385,3,5,Medium
51,29,60653,3,5,High
35,9,121865,4,3,Medium
15,11,155813,9,5,High
14,24,175871,8,2,Medium
7,23,221175,7,2,Low
58,14,278535,6,2,Medium
18,25,45052,4,1,Medium
20,3,167116,8,4,High
14,13,180943,8,3,Medium
33,23,250375,9,1,Medium
14,17,51381,9,4,High
16,4,178346,1,3,Low
34,22,273234,3,3,Medium
45,9,286017,7,3,Medium
5,23,265020,0,2,Low
9,14,79892,4,2,Low
24,24,211593,7,2,Low
12,20,244992,1,3,Low
47,5,286216,1,3,Medium
16,9,294038,7,2,Low
5,13,189359,9,3,Medium
58,20,288771,8,2,Medium
24,14,155702,6,2,Medium
32,8,103527,7,2,Medium
47,7,176511,4,4,High
41,28,255692,0,3,Low
51,3,188731,3,1,Medium
41,14,265311,1,2,Low
16,29,228937,2,1,Low
41,28,229378,2,4,Medium
53,13,86697,8,3,High
53,6,100382,9,2,High
48,29,210116,3,2,Medium
32,20,44633,1,2,Medium
51,6,109164,2,1,Medium
19,19,292713,2,4,Medium
10,4,153425,6,3,Medium
48,26,280220,7,4,High
24,24,210160,5,2,Low
54,4,234249,3,4,High
18,14,235538,5,1,Low
6,8,227865,0,5,Low
13,12,231466,9,5,Medium
41,27,217223,7,3,Medium
24,25,141174,0,3,Low
30,27,167980,4,4,Medium
33,23,98447,1,3,Medium
5,25,235599,5,1,Low
59,29,256301,8,2,Medium
39,18,85063,4,2,Medium
10,16,49340,3,4,High
41,9,92781,1,2,Low
57,21,40638,2,4,High
9,25,247986,5,3,Medium
37,19,251668,7,3,Medium
53,11,55378,7,1,High
55,28,148171,4,2,Medium
18,15,244801,4,1,Low
16,24,94377,9,5,High
46,7,290339,2,1,Medium
24,25,84691,6,4,High
57,7,121782,5,4,High
54,12,289896,0,1,Low
28,23,108343,3,3,Medium
47,29,151399,5,5,High
38,12,61357,5,1,Medium
29,29,100283,2,3,Medium
54,9,89567,5,1,High
33,28,267778,9,2,Medium
43,17,171758,5,4,High
35,9,91606,8,2,Medium
51,29,131732,8,2,High
47,17,221791,1,5,Medium
54,5,279465,3,3,Medium
27,21,254589,8,4,Medium
48,12,44026,3,2,Medium
42,17,139384,7,4,High
24,5,282771,9,3,Medium
27,8,88031,2,1,Low
49,14,98232,2,2,Medium
56,17,173084,8,3,High
20,8,266503,9,4,Medium
54,15,117695,7,3,High
46,21,160066,0,1,Medium
59,5,168982,9,3,High
12,10,294837,1,4,Low
54,10,145313,2,2,Medium
25,25,58810,1,2,Medium
5,28,50092,2,5,High
59,22,88105,7,4,High
12,17,191577,5,5,High
33,6,234300,6,5,High
36,21,101934,9,1,Medium
42,23,102788,9,4,High
9,5,185223,5,2,Medium
51,15,158068,0,4,High
26,10,30036,2,1,Low
51,25,69051,0,4,High
38,18,110738,9,4,High
5,15,90071,8,5,High
59,5,160613,8,4,High
59,18,103601,4,5,High
30,11,59873,3,5,Medium
47,16,197720,8,3,High
14,15,101468,8,1,Medium
34,23,226201,2,5,Medium
54,27,38328,4,4,High
22,9,167405,2,5,Medium
21,17,281519,9,5,Medium
30,9,151173,1,5,Medium
12,8,76638,0,2,Low
51,4,231675,9,2,Medium
44,11,143920,1,2,Low
53,24,201813,7,2,Medium
16,26,37887,7,3,High
31,19,258978,2,5,Medium
12,7,54918,6,3,Medium
29,14,222081,6,4,Medium
50,3,132201,1,1,Medium
8,12,240171,8,3,Medium
37,13,239496,2,2,Low
5,18,198410,1,2,Low
23,16,112494,2,4,Medium
35,10,245859,1,5,Medium
20,26,263853,7,1,Low
18,19,158279,4,3,Medium
57,27,111991,2,5,High
52,20,82132,4,5,High
9,14,285069,7,3,Medium
45,27,189156,6,3,High
30,19,182215,5,3,Medium
32,28,121627,0,3,Medium
6,16,152772,9,2,Medium
54,18,259415,0,5,Medium
10,16,171294,0,5,Medium
13,11,289013,9,2,Low
37,6,46116,7,5,High
45,27,212124,7,3,Medium
29,25,81369,6,1,Medium
52,13,209889,5,5,High
17,8,263982,3,1,Low
13,17,244275,0,1,Low
57,7,235383,8,2,Medium
17,13,218874,0,4,Low
35,27,77632,3,5,High
45,20,241284,2,2,Low
15,15,191848,6,2,Medium
8,13,221082,4,1,Low
38,16,243807,4,5,Medium
42,20,226523,3,2,Low
50,29,209884,0,3,Medium
8,27,265892,4,2,Low
42,21,243408,3,3,Medium
23,26,272718,9,4,Medium
10,29,222879,7,3,Medium
38,17,53086,1,3,High
22,11,115637,7,1,Medium
17,10,188279,0,2,Low
45,22,181969,3,4,High
27,3,93083,2,2,Low
23,6,125028,4,3,Medium
49,16,127551,4,3,High
15,27,168355,4,2,Low
5,4,124024,3,4,Medium
28,18,292399,7,4,Medium
58,5,237627,2,1,Medium
11,28,45487,3,3,High
29,10,49346,0,3,Low
25,8,91596,6,1,Medium
19,18,244469,0,2,Low
5,26,207175,1,3,Low
16,18,183048,6,2,Medium
11,9,36277,0,4,Medium
19,15,163332,2,5,Medium
25,15,270515,5,1,Low
23,7,290577,5,3,Medium
33,27,226955,5,1,Medium
29,22,270464,1,4,Low
37,24,288445,1,4,Medium
53,20,299013,5,4,High
36,17,124515,9,4,High
53,20,180494,4,5,High
39,4,196685,6,2,Medium
48,12,218088,6,2,Medium
42,25,90110,4,5,High
30,15,249601,7,2,Low
15,20,238994,9,4,Medium
39,17,290705,5,2,Medium
12,14,42938,4,1,Low
50,17,160842,3,2,Medium
18,15,294418,6,1,Low
14,20,180033,3,3,Medium
6,17,50044,4,1,Medium
50,27,129372,4,1,Medium
13,25,167046,0,4,Medium
7,13,51213,0,4,Medium
25,21,31950,2,4,High
30,5,284043,2,1,Low
12,9,246085,1,5,Low
52,23,178843,1,4,High
6,28,278966,5,4,Medium
10,16,168117,0,1,Low
32,16,59714,5,3,High
57,24,195458,4,3,High
33,15,42026,5,2,Medium
30,14,136147,4,3,Medium
29,26,61589,6,4,High
16,11,138199,0,5,Medium
9,3,238574,2,2,Low
38,21,244340,5,5,High
52,13,84708,0,5,High
41,25,100825,6,4,High
19,24,81574,3,1,Low
48,25,262409,2,1,Medium
40,26,216381,9,1,Medium
19,24,94230,8,3,Medium
47,21,284451,0,1,Low
52,20,277174,7,4,High
27,14,249700,0,3,Low
10,25,276514,4,1,Low
50,29,294491,9,5,High
54,3,256094,7,4,High
48,21,178182,5,4,High
47,29,223242,6,2,Medium
49,22,212873,7,4,High
25,19,154926,5,5,High
27,7,111147,5,4,High
47,28,49199,5,2,High
59,5,213208,4,4,High
20,4,250868,7,4,Medium
51,5,150787,1,2,Medium
57,10,144427,6,4,High
19,18,178063,3,3,Medium
29,8,183625,0,4,Medium
40,15,250782,4,1,Low
15,25,117493,2,1,Low
55,24,155607,3,3,High
19,24,276834,6,4,Medium
8,18,109876,4,5,Medium
25,18,197071,3,4,Medium
17,5,232959,0,1,Low
26,15,273722,5,2,Low
23,16,74440,9,3,High
38,10,61655,5,2,Medium
18,14,73039,6,5,High
8,25,102219,0,4,Medium
52,25,216061,3,5,High
57,24,124594,8,2,High
56,23,200623,9,4,High
50,28,224302,5,5,High
31,10,189950,1,1,Low
33,23,197229,3,1,Medium
51,27,35914,5,3,High
32,11,244772,3,1,Low
39,3,257561,9,1,Medium
12,8,217435,6,2,Low
20,25,125213,2,1,Low
46,21,67805,5,1,High
40,25,156599,3,2,Medium
34,13,183775,2,1,Medium
22,13,220093,2,1,Low
6,25,104176,1,3,Low
53,15,124799,2,1,Medium
17,13,128385,9,1,Medium
8,20,265654,0,3,Low
30,25,118919,2,2,Low
29,17,111462,8,1,Medium
34,3,209340,3,5,Medium
15,23,195320,2,2,Low
11,27,61159,7,2,High
35,9,72039,0,1,Low
48,25,262974,4,3,Medium
14,29,77800,0,2,Medium
43,15,124626,6,3,High
17,14,148368,4,5,Medium
35,20,204735,1,3,Low
11,26,110903,0,4,Medium
53,21,148998,6,3,High
46,17,271324,0,2,Low
46,10,263229,2,3,Medium
40,21,91748,5,3,High
24,12,71190,5,4,High
8,9,70318,6,4,High
58,20,198090,0,1,Medium
11,18,154078,6,2,Medium
58,22,69759,1,1,High
5,29,55989,5,4,High
48,8,186640,7,3,High
49,29,191171,4,4,High
46,11,65814,9,5,High
51,23,220766,2,3,Medium
17,15,90204,7,1,Medium
59,27,62844,7,3,High
26,23,278827,3,5,Medium
58,28,275256,7,4,High
25,10,51518,4,2,Low
26,18,53052,4,2,Medium
32,15,286346,2,2,Low
13,15,99803,6,4,High
30,19,101524,8,2,Medium
13,25,254582,8,5,Medium
19,22,97021,0,4,Medium
14,7,241321,0,2,Low
28,24,32419,9,1,High
46,23,217964,4,4,High
12,19,151831,0,4,Medium
28,11,274688,3,3,Low
20,4,131799,0,2,Low
53,27,224941,1,1,Low
30,28,206282,1,5,Low
31,20,138611,3,4,High
41,11,167559,7,5,High
8,8,92112,1,5,Medium
54,13,269040,8,5,High
28,27,263451,8,3,Medium
23,8,251490,1,5,Low
40,8,295161,0,2,Low
43,15,221196,9,2,Medium
14,13,277418,9,1,Low
29,16,251370,8,1,Low
22,4,219340,1,5,Low
23,10,96320,7,5,High
40,5,265067,2,3,Medium
14,25,242373,0,5,Low
37,23,210786,0,5,Medium
59,5,296890,9,5,High
54,3,95350,1,4,High
9,26,211417,6,4,Medium
51,21,270678,5,3,High
53,20,52063,1,3,High
39,19,147116,3,2,Medium
48,22,207043,1,3,Medium
38,26,164670,0,2,Low
37,15,40564,2,5,High
59,5,272124,3,3,Medium
25,3,257506,9,3,Medium
21,6,116134,4,3,Medium
26,27,135940,4,2,Low
52,15,92085,6,2,High
41,19,47862,9,1,High
19,13,170777,7,2,Medium
39,4,216351,8,2,Medium
32,27,92471,6,4,High
11,18,121080,4,3,Medium
36,4,138007,8,2,Medium
15,21,76104,7,3,High
14,25,70934,9,3,High
13,21,284606,8,4,Medium
18,27,36050,9,3,High
17,18,205024,7,2,Low
29,24,214750,5,3,Medium
6,21,61323,3,1,Medium
39,11,116332,8,1,Medium
11,3,285540,8,4,Medium
25,12,284547,9,2,Low
22,21,187591,9,4,High
7,3,85781,8,1,Medium
46,4,296013,9,2,Medium
58,18,37971,2,3,High
43,14,284927,2,2,Low
45,10,53446,5,5,High
53,25,287419,5,2,Medium
15,20,199180,5,3,Medium
43,4,33823,4,5,High
28,27,174526,4,4,Medium
50,15,165004,1,2,Medium
23,8,235162,6,4,Medium
8,23,97965,3,2,Low
30,28,171609,2,1,Low
42,8,135935,7,1,Medium
46,11,263705,3,3,Medium
36,18,283978,3,1,Low
43,13,174854,7,5,High
49,9,108004,0,5,High
50,12,52072,8,2,High
40,12,111015,6,4,High
44,27,255075,1,5,Medium
41,22,250010,5,2,Medium
37,20,102746,7,4,High
40,26,206774,4,1,Low
7,22,158259,5,2,Medium
13,11,60916,9,4,High
12,17,57268,7,3,High
37,6,205050,5,3,Medium
10,10,273966,8,5,Medium
45,11,53259,8,4,High
43,15,109400,8,3,High
8,11,141581,5,5,High
17,28,37043,8,2,High
53,6,211502,2,2,Medium
6,19,137009,4,4,Medium
9,18,239137,1,4,Low
48,17,191940,7,4,High
31,5,143259,3,4,High
36,27,130804,5,3,High
25,22,99000,5,3,Medium
12,7,114179,4,5,Medium
42,25,290226,0,3,Low
12,7,53880,6,2,Medium
54,22,231264,9,5,High
7,17,202438,7,3,Medium
58,20,275352,0,4,Medium
48,17,97396,9,3,High
7,4,86731,6,1,Medium
26,15,105010,3,5,Medium
10,6,279091,5,3,Medium
6,12,101326,8,3,Medium
27,15,278876,4,2,Low
48,12,39004,7,4,High
6,11,145018,4,4,Medium
42,10,55792,1,2,Low
21,5,84645,3,2,Low
39,18,37232,1,1,Medium
38,16,84766,6,5,High
27,11,150601,6,4,High
34,23,111588,2,2,Medium
56,13,209614,6,2,Medium
12,5,35913,0,5,Medium
26,7,142406,0,2,Low
48,12,143693,8,1,High
40,15,123449,5,5,High
9,6,40567,4,1,Low
17,26,68379,5,3,High
33,15,236040,5,4,High
35,14,292463,0,2,Low
51,7,120005,4,5,High
59,12,253098,8,1,Medium
20,26,34791,3,4,High
46,11,161401,2,4,High
34,22,235459,0,2,Low
59,9,91032,1,4,High
20,4,205150,2,2,Low
16,24,51300,3,3,High
21,26,85609,6,2,Medium
20,25,221634,5,1,Low
16,9,120045,7,4,High
12,10,297847,8,4,Medium
24,9,253717,5,4,Medium
7,23,249162,6,2,Low
20,25,57676,3,5,High
34,16,250412,1,2,Low
49,28,206512,8,1,Medium
27,21,197995,8,2,Medium
32,7,154786,3,4,High
55,25,98147,2,3,High
44,27,52075,9,1,High
58,20,235788,5,3,High
9,22,39304,2,1,Medium
24,14,159851,0,1,Low
44,25,89622,3,4,High
48,19,138654,0,2,Medium
5,15,279109,1,4,Low
34,4,69328,2,4,High
25,27,248348,7,4,Medium
24,15,66845,9,3,Medium
10,28,106394,3,1,Low
26,9,205231,3,5,Medium
22,12,110722,9,2,Medium
12,25,122554,8,4,High
43,8,79262,6,1,Medium
36,5,71722,1,2,Low
37,28,201231,2,5,Medium
57,5,270740,3,5,High
20,20,117052,3,4,Medium
16,13,130808,9,5,High
42,24,285416,7,5,High
56,22,292128,9,2,Medium
38,7,251281,9,2,Medium
18,21,276052,5,4,Medium
40,24,134697,2,1,Medium
37,29,261572,8,4,High
27,21,262842,9,3,Medium
54,17,126299,7,5,High
49,18,195746,8,1,High
6,26,179177,4,2,Low
45,11,190811,2,3,Medium
25,6,193041,3,3,Medium
6,17,44497,4,5,High
31,27,284204,8,2,Medium
13,14,287471,8,1,Low
5,25,122019,2,2,Low
15,5,220326,6,5,Medium
7,25,139017,5,3,Medium
56,16,248220,3,5,High
27,19,135153,4,4,Medium
30,21,63826,9,3,High
8,8,140034,1,5,Medium
22,6,114242,6,1,Medium
59,9,80100,3,1,Medium
10,21,251171,1,1,Low
39,19,42809,5,4,High
26,27,94450,1,2,Low
47,18,141126,9,1,High
19,17,294237,1,4,Low
26,24,74498,6,1,High
41,10,146251,0,4,Medium
56,21,70985,6,1,High
46,10,47718,9,2,High
16,20,92598,4,5,Medium
51,18,76665,0,1,High
53,22,176075,5,5,High
46,21,191938,6,1,High
42,12,183060,0,2,Low
22,19,251516,8,5,Medium
49,15,166746,6,4,High
39,15,231610,0,1,Low
34,9,96446,2,1,Medium
28,29,59072,4,4,High
46,12,63717,3,2,Medium
34,4,248417,1,3,Low
18,6,187723,0,1,Low
10,27,139525,3,4,Medium
7,8,243092,6,3,Medium
20,26,34646,3,1,Medium
11,20,205403,8,5,Medium
56,25,259728,7,4,High
18,8,82107,7,5,High
13,27,274865,4,2,Low
19,25,100729,0,3,Low
25,19,230144,8,4,Medium
39,16,245494,1,1,Low
6,26,282615,5,1,Low
31,13,158331,9,3,High
6,28,190482,4,5,Medium
39,21,129280,9,5,High
22,4,219787,7,4,Medium
18,5,68665,2,4,Medium
24,13,289285,5,5,Medium
22,8,193947,5,4,High
14,16,143828,9,5,High
29,21,162698,2,3,Medium
6,28,120815,6,4,High
29,18,224894,3,5,Medium
58,23,233485,4,4,High
37,24,194714,8,1,Medium
40,26,62356,5,1,High
35,9,295953,9,2,Medium
18,29,271121,3,5,Medium
5,10,227167,7,2,Low
50,21,226322,8,5,High
20,22,45250,9,4,High
58,18,76023,4,5,High
50,24,131350,1,1,Medium
56,29,207696,5,4,High
7,9,46427,7,1,Medium
39,11,240084,4,4,Medium
45,15,164511,0,5,Medium
10,3,248403,7,5,Medium
29,10,108672,8,1,Medium
17,26,47300,0,3,Medium
57,24,49659,7,5,High
38,6,192475,9,3,High
12,5,275259,1,4,Low
25,29,40360,3,3,High
38,5,128035,1,1,Low
8,24,78791,1,2,Medium
29,15,229867,9,2,Low
19,10,63370,2,1,Low
8,9,230903,7,2,Low
49,29,57209,3,1,High
16,3,64579,6,5,High
36,29,123254,9,3,High
36,18,143528,2,2,Medium
32,8,253274,9,5,High
17,9,268292,2,2,Low
35,14,211026,1,4,Medium
18,25,278342,5,1,Low
24,11,249437,5,1,Low
22,29,87803,0,5,Medium
33,13,163624,6,4,High
10,12,86627,3,3,Medium
36,23,207059,2,4,Medium
33,3,75380,7,4,High
47,20,190322,1,3,Medium
6,6,229416,8,3,Medium
27,7,176367,7,4,High
23,11,289125,7,2,Low
35,29,43769,2,2,High
55,19,142035,3,4,High
9,5,205717,1,2,Low
23,18,251815,1,3,Low
38,7,261832,3,3,Medium
14,18,186629,5,2,Medium
29,5,264799,4,3,Low
6,22,198157,0,1,Low
15,17,174542,9,3,Medium
54,5,148643,0,4,High
35,22,240154,5,5,High
19,16,167877,2,2,Low
13,18,243396,2,2,Low
27,19,255956,6,3,Medium
23,26,211844,0,3,Low
13,22,131422,0,5,Medium
39,25,298774,9,5,High
25,20,175931,2,4,Medium
13,20,147556,7,1,Medium
32,24,258495,0,4,Medium
50,16,284809,9,2,Medium
55,20,235384,3,3,Medium
11,17,45021,8,4,High
20,17,230935,3,3,Low
20,8,234222,9,3,Medium
37,29,94361,7,4,High
8,17,128841,6,4,High
8,20,210076,2,5,Medium
43,6,276300,6,1,Medium
44,25,190786,6,5,High
21,10,47198,9,1,Medium
41,17,288466,2,4,Medium
43,5,48740,1,1,Low
56,17,295954,8,2,Medium
33,15,288308,0,5,Medium
56,11,129855,6,5,High
40,4,240192,3,5,Medium
42,26,151701,1,3,Medium
43,10,140771,1,3,Medium
54,22,36163,7,4,High
41,19,46065,6,4,High
56,15,271262,6,3,High
39,3,278924,4,5,Medium
11,4,209420,9,3,Medium
31,17,50229,7,1,High
32,14,280470,1,5,Medium
26,16,188069,1,3,Low
18,27,51101,4,4,High
11,4,70391,0,3,Low
41,20,236935,5,2,Medium
26,24,102723,3,3,Medium
9,9,256293,5,5,Medium
59,25,220477,6,3,High
6,27,196020,2,4,Medium
31,8,227190,7,1,Medium
25,16,209354,6,2,Low
58,10,121725,0,5,High
42,29,242139,5,4,High
19,24,115779,6,2,Medium
25,4,33060,3,3,Medium
14,19,155806,1,2,Low
27,7,145871,9,1,Medium
43,16,50719,8,2,High
9,27,79116,6,2,High
5,26,56325,0,3,Medium
17,22,44551,7,3,High
25,23,45141,2,5,High
30,23,152058,3,3,Medium
54,24,223823,4,2,Medium
49,5,142684,0,1,Medium
25,7,80391,5,3,Medium
57,18,150288,9,5,High
22,20,236132,5,5,Medium
41,28,143535,1,2,Low
49,19,172770,9,3,High
36,13,269947,5,3,Medium
40,19,116711,7,5,High
21,18,294509,5,3,Medium
39,28,258625,3,2,Low
53,25,73372,3,1,High
15,4,74134,8,2,Medium
25,6,101158,5,3,Medium
56,23,267159,7,2,Medium
59,9,163021,7,4,High
57,4,79396,6,4,High
30,8,61912,2,3,Medium
8,19,86947,9,3,Medium
38,9,74387,0,1,Low
56,27,139249,4,2,Medium
52,7,31919,9,1,High
22,7,170689,9,3,Medium
44,22,63298,1,3,High
39,18,267225,9,5,High
45,21,263725,1,1,Low
33,11,139599,6,3,High
56,7,113721,2,4,High
33,10,41920,7,5,High
42,11,37432,8,2,Medium
46,7,140507,7,5,High
25,12,254647,5,2,Low
46,27,194982,4,4,High
17,4,151764,2,2,Low
53,11,191298,2,1,Medium
45,13,234222,6,2,Medium
21,6,142557,4,2,Low
13,24,48013,5,5,High
45,24,51446,5,4,High
5,24,231447,8,2,Low
6,4,132261,0,1,Low
52,25,292701,7,5,High
33,8,198461,9,4,High
37,29,208772,4,4,Medium
14,16,160878,5,3,Medium
54,3,129143,5,1,High
44,20,54578,0,5,High
25,9,104779,2,5,Medium
32,3,170668,5,1,Medium
15,3,102534,8,4,High
59,3,227118,5,2,Medium
38,26,95355,5,1,Medium
12,6,42974,0,5,Medium
26,6,227745,8,1,Low
12,20,281366,3,4,Medium
53,29,104442,1,3,Medium
19,13,182890,0,3,Low
21,29,85598,2,2,Low
27,3,163726,2,2,Low
28,12,63758,4,4,Medium
49,11,157309,0,2,Medium
23,25,196000,6,3,Medium
9,6,214681,0,4,Low
36,8,60552,3,4,High
48,18,177278,5,4,High
5,4,64831,0,1,Low
27,25,73563,6,2,High
41,20,48361,9,5,High
12,12,104469,6,3,Medium
17,26,55816,2,2,Medium
12,26,287422,3,3,Low
27,19,176691,5,2,Medium
47,15,264295,6,5,High
5,26,122479,3,3,Medium
49,20,56819,9,5,High
55,24,38798,8,3,High
28,15,186215,8,1,Medium
39,19,273942,8,1,Medium
28,7,260259,9,3,Medium
21,13,159544,5,3,Medium
9,9,182254,1,5,Medium
24,12,283800,1,4,Low
25,19,39415,3,3,High
44,17,117638,8,2,Medium
35,20,48452,2,2,High
50,25,225457,5,2,Medium
40,24,140205,1,1,Low
15,21,48170,0,5,High
56,28,46259,4,1,High
19,4,170721,7,2,Medium
23,28,159394,9,3,Medium
11,6,202109,9,2,Low
55,5,284599,1,3,Medium
32,9,73147,9,5,High
55,26,104280,8,4,High
47,20,207125,7,3,High
9,12,127841,2,1,Low
9,9,154726,0,2,Low
34,10,106215,3,2,Medium
58,8,142909,7,2,High
36,24,34861,2,3,High
12,28,291968,9,5,Medium
14,3,213000,1,3,Low
42,6,279072,6,1,Medium
51,16,254402,3,2,Medium
36,19,72923,5,3,High
52,22,216968,4,2,Medium
32,20,195912,1,1,Low
21,13,203327,9,4,Medium
35,23,158165,1,4,Medium
12,28,260314,8,4,Medium
44,16,174013,9,2,Medium
29,11,31669,1,3,Low
13,29,246854,7,2,Low
6,17,85786,7,5,High
19,14,212155,0,3,Low
54,12,50323,0,1,Medium
7,21,260502,3,4,Medium
53,26,287249,1,3,Medium
40,21,36021,0,3,High
8,8,143415,8,4,High
18,22,37904,2,1,Medium
45,26,94033,0,2,Low
45,29,261659,1,2,Low
29,8,150035,7,3,Medium
59,10,250859,4,4,High
54,3,216168,6,5,High
14,24,251666,5,1,Low
25,19,261853,0,2,Low
40,19,295237,5,1,Medium
16,26,223708,6,1,Low
31,17,219878,3,1,Low
44,9,170466,7,4,High
6,21,154501,7,4,High
58,24,290228,6,4,High
17,27,122510,1,3,Low
57,25,123708,5,4,High
36,5,127819,5,3,High
35,24,265603,6,2,Medium
20,13,66303,5,2,Medium
36,22,57453,1,2,Medium
36,21,229521,7,2,Medium
38,11,186837,3,2,Medium
15,12,252787,8,4,Medium
14,4,68057,7,5,High
19,3,219060,2,4,Medium
21,18,124655,2,5,Medium
44,20,299289,7,4,High
22,25,131206,1,2,Low
59,28,216869,8,1,Medium
13,19,103230,3,5,Medium
29,8,185002,5,1,Medium
44,16,138138,2,2,Medium
18,25,237097,2,5,Medium
29,27,242376,2,1,Low
54,17,92040,9,4,High
26,16,138668,1,2,Low
56,26,228768,7,4,High
34,24,86815,8,4,High
24,5,246741,7,2,Low
25,26,142789,9,5,High
48,25,249478,2,3,Medium
36,21,197644,6,3,High
55,27,215102,9,2,Medium
50,14,274533,1,3,Medium
53,4,267469,3,1,Medium
25,5,263308,5,5,Medium
39,20,190275,4,4,High
36,3,107088,8,4,High
34,22,35608,9,2,High
59,23,75667,3,4,High
43,8,85547,4,1,Medium
53,7,264907,3,1,Medium
16,3,87560,7,2,Medium
45,21,244601,7,4,High
51,3,189487,2,3,High
22,29,214286,0,3,Low
25,23,151266,5,5,High
17,23,33679,1,2,Medium
25,18,70308,1,5,High
12,14,236096,2,3,Low
50,29,200914,7,3,High
44,24,35695,2,3,High
50,10,256812,6,5,High
11,28,88499,9,2,Medium
27,18,53382,9,1,High
48,3,223295,8,1,Medium
36,6,163438,7,3,High
15,12,188539,0,2,Low
26,13,36764,6,2,Medium
26,19,251968,6,4,Medium
47,27,143831,7,4,High
29,29,91836,9,5,High
26,25,285033,4,4,Medium
32,9,46292,9,5,High
33,14,273772,8,1,Medium
17,23,48800,8,3,High
22,9,86440,7,2,Medium
6,14,157521,5,1,Medium
33,17,151327,5,1,Medium
25,4,79648,0,5,Medium
19,16,286160,5,3,Medium
56,15,199573,3,5,High
31,6,87207,3,1,Medium
54,16,92157,1,2,Medium
35,16,164288,3,4,High
19,18,183144,4,5,Medium
55,9,123778,4,1,Medium
27,21,160016,4,4,Medium
28,4,154288,3,4,Medium
48,12,198204,0,1,Medium
17,20,140573,9,3,Medium
26,19,150730,7,1,Medium
47,7,94186,2,2,Medium
41,14,297104,1,4,Medium
37,8,48781,8,2,Medium
7,24,267677,6,5,Medium
58,11,287506,8,4,High
23,22,61126,1,3,Medium
27,3,268217,8,1,Low
33,24,59782,9,5,High
34,17,178051,8,2,Medium
43,23,291161,8,5,High
48,28,96266,9,3,High
51,8,30056,9,1,High
29,21,162773,3,5,Medium
41,20,217453,9,2,Medium
51,8,211510,2,5,High
12,15,110636,5,1,Medium
46,3,96483,2,5,High
20,25,50505,8,2,High
12,25,63525,2,1,Medium
5,28,241474,1,3,Low
48,15,126008,7,3,High
9,9,74348,5,4,High
7,17,232259,7,5,Medium
5,14,299417,6,2,Low
8,29,236641,2,5,Medium
44,28,164607,7,1,Medium
39,3,244096,9,4,High
36,17,137157,0,2,Low
46,6,30908,0,5,High
38,15,282299,9,2,Medium
47,25,231225,7,1,Medium
29,29,138352,8,4,High
14,27,125967,9,2,Medium
25,7,65079,5,1,Medium
50,4,242628,4,3,Medium
43,25,141889,1,2,Low
31,28,292063,8,4,High
31,3,76105,5,2,Medium
6,18,162957,7,2,Medium
45,25,31049,8,1,High
52,8,83281,8,5,High
17,25,96697,7,5,High
13,18,66534,9,2,High
56,16,123034,7,4,High
40,28,88097,2,4,High
26,5,214885,2,1,Low
46,17,57278,1,2,High
30,5,169344,0,2,Low
58,25,103277,3,5,High
16,4,34694,1,1,Low
21,3,88150,1,3,Low
18,11,97470,4,4,Medium
18,11,51556,3,4,Medium
38,25,225543,0,2,Low
57,9,79086,8,1,High
24,5,179979,3,3,Medium
15,28,278399,4,4,Medium
20,20,209559,6,1,Low
55,13,129468,1,3,Medium
35,9,98602,7,2,Medium
59,11,32460,1,5,High
10,3,102356,9,4,High
23,16,289925,4,4,Medium
41,22,46191,1,3,High
8,8,114631,1,5,Medium
51,9,275702,3,1,Medium
8,12,62175,3,2,Low
24,9,187048,7,1,Medium
14,28,224188,5,3,Medium
28,4,92821,9,4,High
58,6,42204,7,4,High
39,23,299538,6,1,Medium
30,19,276464,9,2,Low
41,3,63593,3,3,Medium
42,12,238260,1,2,Low
25,21,145064,8,3,Medium
58,17,83365,1,2,Medium
44,12,270644,0,1,Low
43,21,250511,7,5,High
25,14,236971,9,3,Medium
14,26,133700,8,1,Medium
42,18,98247,0,4,Medium
50,11,212631,6,4,High
8,17,186270,1,2,Low
49,29,183560,5,4,High
24,19,199587,4,5,Medium
21,16,211142,0,3,Low
59,29,92613,1,2,Medium
11,20,126707,1,3,Low
8,28,77003,9,3,High
33,4,78478,9,1,Medium
18,6,89030,5,4,High
7,20,214133,0,3,Low
28,9,175921,3,5,Medium
41,15,276160,9,5,High
20,17,297589,4,4,Medium
59,27,179112,1,4,High
56,25,292390,1,2,Low
8,24,61153,6,2,High
28,28,297356,6,2,Low
38,3,164411,5,4,High
34,13,86238,0,3,Medium
22,12,82055,2,1,Low
23,27,134509,8,2,Medium
35,7,165467,9,1,Medium
23,18,157378,0,5,Medium
53,13,117687,1,4,High
50,23,132652,7,5,High
23,8,85773,6,2,Medium
26,11,232668,8,3,Medium
28,15,57584,9,2,Medium
49,26,274901,3,1,Medium
16,10,295482,3,2,Low
34,16,92601,6,3,High
42,26,166559,0,3,Medium
57,3,66282,9,4,High
35,19,256137,8,4,High
40,26,125798,1,3,Medium
23,7,160963,0,3,Low
52,27,189876,6,1,High
49,4,170987,5,2,High
40,27,235229,2,4,Medium
34,26,40547,0,1,Medium
59,11,294603,4,2,Medium
53,6,93146,9,4,High
59,19,137761,3,1,Medium
37,19,112970,4,5,High
22,23,221889,0,5,Low
56,20,199319,0,4,High
53,18,45419,4,1,High
32,10,65577,5,2,Medium
51,28,32921,4,2,High
15,13,174535,1,1,Low
58,23,186546,8,5,High
49,23,155534,4,1,Medium
37,20,286872,4,5,Medium
21,25,102828,9,5,High
10,26,153649,8,2,Medium
8,12,85152,2,4,Medium
24,15,250073,4,3,Low
52,19,253393,4,1,Medium
51,20,116569,1,5,High
31,12,186844,3,1,Medium
19,18,189562,1,4,Medium
10,22,152537,4,4,Medium
51,7,83806,9,3,High
18,15,105992,1,3,Low
15,20,288852,9,5,Medium
43,19,203217,8,3,Medium
13,11,224760,9,5,Medium
30,16,50754,5,2,High
20,19,99837,7,5,High
9,6,168279,8,3,Medium
56,20,248811,7,1,Medium
14,29,144780,4,3,Medium
54,22,117081,4,4,High
7,26,142099,5,3,Medium
17,26,181174,0,2,Low
47,17,294068,7,5,High
53,13,115015,1,4,High
34,14,134987,5,5,High
58,11,84333,8,5,High
49,15,245530,2,3,Medium
10,17,207171,1,1,Low
21,29,218418,9,4,Medium
49,17,156372,4,2,Medium
55,7,236553,8,2,Medium
57,25,99767,5,1,High
23,21,134332,7,1,Medium
46,28,173279,7,3,High
39,22,36336,6,2,High
50,28,236238,4,4,High
30,27,260517,1,1,Low
55,28,210889,9,1,Medium
9,28,75704,9,1,High
33,16,256884,4,4,Medium
41,19,197848,6,2,Medium
24,20,249182,6,4,Medium
53,23,108563,1,4,High
25,5,165102,6,3,Medium
14,4,119779,5,1,Medium
9,3,194361,6,2,Medium
40,12,129704,7,3,High
10,21,291757,3,3,Low
30,19,140234,0,5,Medium
8,14,66491,7,1,Medium
43,3,256621,7,2,Medium
43,14,50448,2,2,Medium
54,19,79294,2,2,High
39,26,246461,4,1,Low
5,5,115615,2,2,Low
28,13,47101,4,4,Medium
40,19,180004,7,4,High
10,25,120481,0,1,Low
45,28,82802,1,2,Low
58,5,299693,1,5,Medium
50,10,240005,3,5,High
48,22,186434,8,5,High
35,6,77842,1,4,Medium
24,23,76539,8,5,High
28,24,63717,6,2,High
29,9,276281,9,2,Low
40,16,216272,7,5,High
25,16,145042,0,3,Low
34,6,157922,4,5,High
28,18,122447,8,3,Medium
48,26,188693,3,1,Medium
46,24,42823,1,1,High
34,3,59986,5,2,Medium
26,19,151682,1,4,Medium
32,27,94325,2,2,Medium
11,12,280476,7,2,Low
39,24,87771,2,4,High
59,18,84973,1,2,Medium
32,18,175762,5,4,High
18,28,87888,2,2,Low
14,10,40956,0,1,Low
20,9,116839,2,3,Medium
20,8,197605,5,2,Medium
58,18,131131,2,3,High
35,22,217973,8,5,High
46,18,41519,6,2,High
29,9,192187,4,1,Low
17,11,31832,1,4,Medium
10,16,143922,8,1,Medium
48,13,135474,4,3,High
13,28,99715,6,4,High
49,28,103366,8,1,High
40,16,67570,3,1,High
47,9,167687,8,1,High
24,3,68311,0,4,Medium
22,28,133187,5,1,Medium
47,27,116879,1,1,Medium
25,15,45739,7,3,Medium
8,22,96202,4,1,Low
54,5,128580,2,1,Medium
37,22,254491,1,5,Medium
31,6,109599,7,4,High
11,28,194721,6,5,High
10,13,261436,8,3,Medium
19,4,146770,7,5,High
22,16,209693,3,2,Low
36,14,291051,1,4,Medium
15,19,144300,1,1,Low
24,14,221012,1,5,Low
28,28,201796,5,5,Medium
19,14,192776,6,1,Medium
52,3,271942,5,1,Medium
11,15,32526,1,3,Low
25,16,298718,3,5,Medium
46,26,66051,2,5,High
30,4,45909,3,2,Low
48,14,107338,4,2,Medium
18,28,212643,6,5,Medium
41,23,109062,8,2,Medium
25,18,211980,1,5,Low
22,6,81458,7,4,High
9,10,252159,2,3,Low
7,4,261946,8,2,Low
27,12,183263,9,5,High
30,11,194164,3,2,Low
41,25,119407,2,3,Medium
28,17,236329,9,4,Medium
53,15,92513,5,1,High
23,25,175476,9,1,Medium
55,19,65198,8,2,High
29,18,255295,6,5,Medium
25,4,294323,3,3,Low
16,22,32019,2,4,High
45,22,111455,9,4,High
37,29,246311,3,4,Medium
54,16,179776,2,1,Medium
57,5,179102,2,3,High
8,25,33420,8,1,High
46,14,208725,3,2,Medium
11,10,46740,8,4,High
26,4,135789,9,3,Medium
59,6,49465,4,4,High
37,16,34131,6,1,High
21,18,40652,4,1,Medium
28,21,248115,0,1,Low
38,4,275289,1,4,Medium
32,14,119342,4,3,Medium
47,16,247201,5,3,High
45,8,289820,6,2,Medium
43,15,216764,1,4,Medium
26,6,88541,9,2,Medium
53,24,39470,8,2,High
21,20,222416,5,2,Low
38,14,74308,1,2,Low
10,22,165669,1,1,Low
50,29,132840,2,2,Medium
10,24,191860,0,3,Low
38,23,79477,8,2,High
5,21,138261,9,1,Medium
14,10,132466,3,5,Medium
25,9,100560,4,5,Medium
9,18,285392,6,5,Medium
6,21,291278,0,4,Low
26,8,196471,2,3,Medium
52,22,274413,2,1,Medium
6,29,218511,1,5,Low
14,23,32369,7,1,High
38,13,258629,4,1,Low
20,7,292672,0,4,Low
52,18,138806,1,5,High
55,9,191386,0,2,Medium
43,29,132979,5,1,Medium
26,7,65109,8,5,High
16,13,43919,6,1,Medium
28,17,241864,4,4,Medium
51,5,100441,2,4,High
44,28,96896,7,2,Medium
42,7,133431,9,4,High
14,25,77020,3,5,High
39,23,235338,8,4,High
55,7,57738,4,2,Medium
53,11,164997,5,3,High
36,17,87153,4,1,Medium
11,5,244020,9,1,Low
25,8,91009,6,5,High
24,19,202624,6,2,Low
30,28,101942,0,2,Low
8,23,148065,1,2,Low
50,10,187998,6,1,High
56,23,189855,7,4,High
26,27,113360,3,1,Low
19,13,197466,5,1,Medium
44,8,225868,9,1,Medium
25,10,112104,2,4,Medium
19,12,191508,6,3,Medium
26,26,251404,2,5,Medium
56,5,295332,6,3,High
32,25,121205,7,3,High
18,16,262321,2,1,Low
31,25,167837,1,3,Medium
45,16,249779,5,1,Medium
44,12,171879,3,1,Medium
32,14,40204,7,5,High
30,8,253674,1,2,Low
53,14,219016,3,1,Medium
6,25,132903,1,3,Low
29,16,286687,1,5,Low
7,4,64986,1,3,Low
12,11,80304,0,2,Low
48,12,69986,3,4,High
37,28,121594,1,2,Low
46,19,96151,8,5,High
56,19,203620,8,2,Medium
39,5,171753,6,2,Medium
10,21,168056,5,5,High
43,3,188651,2,5,High
56,14,264347,6,3,High
27,9,216005,0,1,Low
29,6,192553,8,4,High
54,12,30944,3,4,High
47,15,123993,5,4,High
23,4,244738,5,2,Low
9,12,238920,2,5,Medium
55,23,286805,3,5,High
15,24,134087,9,5,High
16,27,299051,2,1,Low
14,6,285035,5,5,Medium
12,20,189186,0,5,Medium
28,7,196797,7,2,Medium
32,21,132063,7,3,High
45,4,54102,8,4,High
40,14,34263,5,2,Medium
41,19,97438,0,2,Low
25,12,126359,2,2,Low
12,4,160251,0,4,Medium
59,8,201915,4,2,Medium
13,10,57690,2,3,Medium
51,21,32994,1,5,High
19,13,133533,2,3,Medium
52,27,97546,8,5,High
50,14,56467,7,5,High
44,11,276590,2,2,Low
22,4,161120,1,2,Low
46,10,198050,4,4,High
24,28,103414,0,1,Low
10,13,210294,3,3,Low
16,23,78115,7,4,High
6,6,70647,0,4,Medium
11,12,84607,4,3,Medium
20,23,51996,3,3,High
7,22,113697,5,5,High
49,18,97764,6,1,High
7,10,269190,8,2,Low
31,6,38888,0,1,Low
54,12,249738,9,1,Medium
47,14,251432,3,2,Medium
44,16,66355,5,1,High
42,18,260487,9,4,High
37,24,159686,6,4,High
32,20,192217,6,2,Medium
5,23,279602,7,2,Low
59,24,279434,9,3,High
12,23,210926,7,3,Medium
41,14,97664,7,1,Medium
36,20,116153,7,1,Medium
52,9,123616,7,2,High
47,22,286349,5,1,Medium
41,26,76996,8,5,High
8,25,158344,2,4,Medium
34,9,259685,5,1,Medium
10,11,158019,4,1,Low
50,3,165024,7,3,High
58,28,213273,3,5,High
23,8,150454,3,1,Low
36,8,154444,9,4,High
13,24,183868,9,1,Medium
16,14,192818,4,2,Low
15,24,30015,5,5,High
50,14,187029,3,1,Medium
59,12,111541,1,5,High
20,25,51292,1,1,Medium
5,28,192948,2,4,Medium
49,8,221799,1,4,Medium
59,19,77046,0,5,High
57,21,44817,7,3,High
25,20,39759,4,3,High
34,8,209504,9,2,Medium
17,26,298556,0,3,Low
38,21,51050,8,5,High
8,12,130153,7,3,Medium
32,26,261329,3,2,Low
42,10,87732,7,1,Medium
35,23,81921,9,3,High
59,26,147734,6,5,High
31,8,167912,6,5,High
9,23,61440,0,2,Medium
29,27,65183,5,2,High
7,9,163461,3,4,Medium
37,26,144515,9,4,High
8,3,250533,9,4,Medium
29,29,145503,9,1,Medium
24,20,69023,1,5,High
38,26,211101,9,4,High
30,27,248031,6,5,Medium
9,22,106054,8,2,Medium
39,14,91742,4,1,Medium
32,18,75215,7,2,High
33,12,189245,4,5,High
13,29,271443,6,4,Medium
56,12,133591,6,2,High
42,16,279045,8,3,Medium
54,27,76229,2,1,High
10,22,92583,0,5,Medium
23,12,285931,1,4,Low
48,12,189996,5,2,High
15,28,156011,9,1,Medium
6,27,270660,9,4,Medium
51,13,295808,8,2,Medium
48,25,189262,2,5,High
48,4,227105,9,3,High
13,27,234249,1,3,Low
25,22,158404,0,5,Medium
28,10,231664,1,1,Low
38,25,47241,2,5,High
26,9,93472,6,2,Medium
7,10,235320,1,1,Low
16,3,61346,4,3,Medium
32,23,111196,1,2,Low
34,4,238196,6,4,High
30,20,179014,9,4,High
52,17,150623,7,4,High
25,3,32016,7,3,Medium
32,7,37274,7,5,High
30,4,45748,9,1,Medium
37,22,41826,8,3,High
25,5,159288,0,2,Low
39,21,231081,0,2,Low
56,20,281054,9,4,High
38,24,202507,1,1,Low
45,20,236089,5,4,High
55,16,253023,0,2,Low
51,26,222949,4,2,Medium
22,10,99072,4,5,Medium
15,14,97309,3,5,Medium
27,23,190966,4,5,Medium
52,12,215639,0,4,Medium
26,25,65326,5,1,High
21,22,216131,6,5,Medium
9,19,297223,7,3,Medium
48,13,117340,1,5,High
15,4,197364,6,4,High
34,28,148192,5,1,Medium
19,28,281749,8,5,Medium
31,6,81818,7,1,Medium
39,3,43429,3,3,Medium
37,17,87748,8,2,Medium
24,15,78807,0,1,Low
20,10,299284,5,5,Medium
38,27,268161,7,4,High
6,6,229888,3,4,Medium
39,12,196052,1,4,Medium
44,21,256597,1,4,Medium
32,20,38078,9,1,High
51,7,121654,0,4,High
43,21,159101,4,2,Medium
10,28,46997,5,3,High
13,25,161940,3,1,Low
24,29,242650,3,1,Low
5,24,181633,4,4,Medium
12,18,64512,4,4,High
59,3,255226,8,1,Medium
27,14,238467,7,4,Medium
7,26,102144,8,4,High
8,4,203557,2,4,Medium
29,23,147363,2,4,Medium
51,27,231484,0,4,Medium
42,10,211675,9,5,High
19,20,182110,5,5,High
25,27,123542,3,5,Medium
39,18,196964,7,1,Medium
57,7,179068,1,3,Medium
57,28,235355,1,1,Low
50,24,146737,6,5,High
56,15,292968,4,1,Medium
18,21,270417,0,3,Low
40,5,147718,6,4,High
16,28,182755,6,2,Medium
21,10,237791,9,5,Medium
43,29,279120,5,5,High
13,28,284322,3,3,Low
39,28,239485,7,4,High
17,14,175711,1,4,Medium
19,4,100210,1,2,Low
22,13,99852,1,4,Medium
55,14,285139,2,3,Medium
37,20,39695,5,4,High
10,15,78582,0,3,Low
31,7,221707,1,5,Medium
27,24,158721,9,5,High
31,14,136683,1,5,Medium
38,4,293358,0,1,Low
50,7,74406,2,5,High
42,9,177049,9,3,High
18,28,265994,6,2,Low
40,28,217313,0,4,Medium
57,26,234573,6,5,High
12,14,236205,4,1,Low
39,18,90481,8,1,Medium
23,25,268084,1,3,Low
34,10,193249,0,2,Low
18,11,152196,8,5,High
24,17,67177,7,5,High
53,7,96126,9,1,High
29,15,56119,5,3,Medium
44,7,147744,4,1,Medium
28,13,146894,7,1,Medium
18,12,188987,7,2,Medium
30,22,74989,4,3,High
42,15,36553,6,2,Medium
27,11,47881,0,3,Low
26,23,31379,3,5,High
52,16,99306,1,4,High
23,20,273825,9,4,Medium
50,17,134512,2,3,High
55,12,129599,0,4,High
7,26,111397,1,1,Low
46,9,47769,0,5,High
23,10,208321,7,5,Medium
13,5,131584,3,4,Medium
32,17,163858,2,3,Medium
24,18,261609,0,1,Low
49,6,156525,1,3,Medium
11,23,66303,2,4,High
18,8,49589,2,5,Medium
13,3,295026,5,5,Medium
59,6,210394,9,3,High
23,13,159236,7,2,Medium
51,14,45861,5,3,High
56,28,121707,1,2,Medium
18,7,285043,1,3,Low
42,25,163909,6,2,Medium
57,23,84380,0,2,Medium
40,18,135025,0,2,Low
44,15,210903,6,2,Medium
21,15,250421,8,1,Low
34,19,274497,4,2,Low
13,29,190592,0,2,Low
37,9,74397,4,5,High
56,10,188795,0,1,Medium
29,15,63800,9,2,Medium
18,25,188502,8,4,High
15,29,229548,3,1,Low
57,18,287653,8,5,High
39,6,82284,1,3,Medium
45,10,86232,6,5,High
18,18,74420,1,5,High
34,23,122035,3,1,Medium
45,12,227241,5,1,Medium
8,27,223529,1,4,Low
8,14,279863,1,4,Low
32,14,55968,1,1,Low
12,28,92508,2,1,Low
6,7,265863,4,1,Low
45,18,224292,8,3,Medium
50,3,115366,5,5,High
26,11,35738,8,4,High
45,14,33098,9,4,High
59,7,125424,4,2,Medium
20,24,234705,5,3,Medium
33,22,108672,9,1,Medium
53,24,169325,7,1,High
52,26,155349,2,3,High
34,5,80969,1,4,Medium
16,7,120744,2,1,Low
39,4,231495,8,2,Medium
15,16,147286,5,4,High
50,4,105028,9,5,High
54,15,68575,3,3,High
25,9,33192,9,4,High
25,12,141116,2,5,Medium
9,15,111311,1,2,Low
52,18,110781,3,3,High
24,28,66527,8,1,High
41,16,82181,3,1,Medium
7,13,121472,4,5,Medium
48,12,111219,7,4,High
37,8,149783,1,2,Low
57,6,191554,2,5,High
13,23,209300,5,2,Low
13,3,113265,6,2,Medium
8,9,80126,3,2,Low
39,26,85114,0,3,Medium
21,11,236422,6,5,Medium
38,10,218873,8,3,Medium
28,7,151284,0,4,Medium
36,21,224469,0,4,Medium
5,12,172290,0,1,Low
12,13,118241,9,1,Medium
49,27,212615,6,1,Medium
27,17,60921,8,4,High
51,8,191686,2,2,Medium
44,17,222261,7,2,Medium
16,7,47601,8,5,High
58,21,123332,2,4,High
16,24,232615,2,1,Low
50,21,265572,0,4,Medium
51,12,160439,1,2,Medium
19,14,269691,6,2,Low
45,24,149277,2,3,Medium
23,6,172857,6,3,Medium
30,20,70910,4,5,High
56,18,200100,9,4,High
33,10,185927,7,3,High
26,6,34841,4,3,Medium
44,27,127204,2,4,High
25,25,90155,8,2,Medium
55,14,289589,6,5,High
42,4,291140,4,5,Medium
24,6,178515,6,5,High
33,7,162994,9,3,High
55,5,173063,8,2,High
8,11,134405,4,5,Medium
59,23,83744,6,4,High
11,20,32473,8,5,High
32,13,169180,0,1,Low
32,5,58715,3,2,Medium
8,27,274826,0,1,Low
26,25,283856,7,2,Low
16,4,269419,2,4,Medium
49,11,282508,1,3,Medium
7,16,194434,3,3,Medium
26,6,84604,2,2,Low
48,11,34889,4,5,High
6,15,250629,7,1,Low
28,20,80551,9,4,High
38,17,164273,7,5,High
31,12,267230,6,3,Medium
59,18,266139,7,5,High
45,14,138957,4,1,Medium
5,22,119882,9,3,Medium
12,7,240323,9,2,Low
27,4,297825,5,4,Medium
42,12,131982,7,4,High
10,3,76870,0,3,Low
26,9,243328,5,2,Low
29,28,189224,5,1,Medium
22,19,80061,4,4,Medium
21,18,218691,3,3,Low
16,29,88235,0,4,Medium
10,29,120073,9,2,Medium
30,26,41217,7,1,High
31,5,222386,5,2,Medium
12,16,293552,2,5,Medium
23,12,72903,2,2,Low
46,24,245280,5,2,Medium
5,9,137042,6,4,High
33,28,273725,7,2,Medium
49,19,162290,4,3,High
53,8,211644,9,4,High
39,25,139268,5,4,High
44,24,60105,0,5,High
18,6,99634,5,3,Medium
39,19,168691,8,2,Medium
52,29,48226,9,5,High
49,11,55322,3,3,High
24,6,197284,9,5,High
53,9,124835,0,1,Medium
17,25,285027,8,2,Low
42,4,103079,3,5,High
53,19,53946,1,1,High
50,26,192812,0,2,Medium
53,10,37253,2,5,High
12,25,109311,6,5,High
47,17,97593,9,5,High
24,17,179485,1,5,Medium
37,10,256833,8,4,High
30,18,68485,1,5,High
43,21,229304,4,4,Medium
25,13,38831,7,4,High
57,4,35004,9,1,High
53,25,67170,7,2,High
46,26,73555,2,4,High
47,19,148115,1,3,Medium
58,28,208475,8,4,High
45,18,237132,2,3,Medium
13,27,93471,7,1,Medium
28,17,87287,1,3,Low
41,15,146475,2,1,Medium
53,17,80151,0,1,Medium
45,29,97384,5,1,Medium
21,6,63541,6,3,Medium
28,18,102847,3,3,Medium
25,14,248171,0,1,Low
55,6,241811,2,1,Medium
43,5,243739,8,2,Medium
59,24,197813,4,1,Medium
45,19,129919,5,5,High
43,24,246746,3,2,Low
17,20,224020,0,2,Low
15,27,91768,4,2,Low
50,20,73262,4,5,High
23,25,50605,4,2,Medium
15,19,108590,5,2,Medium
17,14,109397,1,3,Low
50,25,107123,0,3,Medium
49,23,188964,1,1,Medium
5,26,198767,9,1,Medium
44,6,165501,5,4,High
48,14,165678,4,5,High
23,28,144380,4,3,Medium
16,25,201206,5,1,Low
12,24,186547,9,5,High
12,23,182802,6,2,Medium
57,22,182185,8,5,High
49,17,181083,6,3,High
16,25,85746,1,4,Medium
52,18,203925,5,3,High
37,7,198393,8,1,Medium
49,23,98879,6,1,High
30,17,97592,1,5,Medium
43,19,250084,2,3,Medium
32,20,227494,7,1,Medium
9,7,154555,8,2,Medium
12,15,48830,3,2,Low
29,21,246897,8,4,Medium
31,15,282234,1,5,Medium
50,20,295735,4,1,Medium
27,16,123878,1,4,Medium
34,6,155407,0,2,Low
49,6,146869,4,4,High
51,22,287716,1,4,Medium
27,22,46738,6,1,High
53,21,163703,7,1,High
51,15,178977,1,1,Medium
24,14,49056,6,5,High
22,9,270746,3,4,Medium
22,27,145316,0,4,Medium
6,14,196519,2,5,Medium
8,23,84418,0,2,Low
34,6,56014,4,3,Medium
37,29,234071,7,2,Medium
40,4,268989,0,5,Medium
22,4,211350,8,4,Medium
41,7,293924,2,4,Medium
23,25,220330,4,1,Low
51,12,72192,8,1,High
32,12,73923,4,4,High
44,11,119196,8,4,High
24,15,32395,9,1,Medium
53,9,258456,7,1,Medium
37,7,101028,6,2,Medium
16,28,272463,0,4,Low
55,12,171056,3,4,High
19,12,233400,8,5,Medium
45,8,285315,9,2,Medium
43,29,168783,7,3,High
6,21,115548,3,3,Medium
33,23,287288,0,3,Low
45,10,155093,9,1,Medium
14,3,265835,3,3,Low
6,19,236084,2,5,Medium
55,9,259027,5,1,Medium
15,16,238072,4,1,Low
17,23,278029,4,3,Low
14,23,239047,1,1,Low
18,19,160509,2,2,Low
22,11,267784,5,2,Low
55,19,33273,1,3,High
58,7,45330,3,5,High
13,28,182566,1,1,Low
43,27,106422,8,4,High
32,22,33212,2,3,High
7,10,262131,9,1,Low
24,8,117594,9,3,Medium
10,13,162152,5,3,Medium
31,21,52007,0,5,High
57,6,143805,9,4,High
6,20,125815,2,1,Low
33,3,292783,7,3,Medium
42,15,108038,4,3,Medium
7,16,295880,7,1,Low
20,26,283506,1,3,Low
34,3,46473,6,3,High
44,13,158771,8,3,High
6,19,155801,6,2,Medium
21,6,116623,2,2,Low
45,28,255097,6,4,High
16,14,245933,7,5,Medium
39,12,226879,0,1,Low
47,8,54220,2,5,High
5,27,90531,4,5,Medium
59,3,203497,5,2,Medium
49,9,39387,2,4,High
19,28,275752,3,5,Medium
30,29,106815,4,5,Medium
41,23,57584,2,3,High
25,18,74783,3,1,Medium
53,26,200881,4,4,High
35,16,215399,1,1,Low
29,25,154494,9,2,Medium
27,22,145814,8,5,High
28,22,280139,9,5,Medium
42,8,171929,7,1,Medium
32,24,203333,5,2,Medium
25,27,276509,9,3,Medium
58,7,43580,2,3,High
47,26,48240,1,5,High
22,23,284351,6,5,Medium
40,20,284271,7,4,High
39,17,110974,9,1,Medium
49,8,103401,0,5,High
59,27,243165,5,2,Medium
13,21,194340,6,1,Medium
57,3,295790,8,4,High
42,3,216443,2,3,Medium
34,15,278123,1,4,Medium
48,5,119460,4,1,Medium
38,12,81048,9,3,High
36,23,236518,0,2,Low
7,5,162850,5,3,Medium
7,11,241912,8,3,Medium
32,10,296891,9,2,Medium
48,5,30045,8,5,High
19,27,37758,6,5,High
45,15,285397,6,3,Medium
27,8,184509,7,3,Medium
44,15,180657,9,4,High
15,25,170926,1,5,Medium
52,22,213148,5,2,Medium
36,22,178421,4,3,Medium
58,14,257300,4,3,Medium
40,15,182420,2,4,High
37,4,195368,2,4,High
28,23,49455,5,4,High
43,26,239896,9,1,Medium
38,25,261897,9,2,Medium
32,18,118552,6,1,Medium
41,25,70484,0,3,High
11,8,164476,2,4,Medium
8,21,198332,0,4,Medium
41,23,130647,9,4,High
5,15,95642,2,5,Medium
5,19,241803,4,2,Low
51,25,158824,8,1,High
24,11,278914,2,2,Low
23,19,140879,9,4,High
33,4,150827,9,3,High
14,21,297724,8,5,Medium
22,21,297544,0,2,Low
32,26,200715,5,3,Medium
39,9,257257,8,4,High
47,24,157319,4,4,High
51,12,136960,9,4,High
35,12,69015,1,4,Medium
31,29,233877,4,5,Medium
15,22,175109,0,5,Medium
53,11,292063,8,2,Medium
53,19,118754,9,4,High
42,29,251775,9,5,High
9,17,233225,8,3,Medium
12,4,182606,5,5,High
38,6,252067,8,5,High
52,21,86879,2,2,Medium
56,19,149894,3,5,High
16,7,95839,5,3,Medium
42,9,59756,3,4,High
5,20,173755,0,1,Low
35,23,210557,6,2,Medium
8,24,259303,4,3,Low
53,29,179787,7,2,High
49,9,122943,8,4,High
54,19,248188,4,5,High
9,9,178188,7,5,High
34,6,66744,0,3,Medium
28,10,154697,0,4,Medium
7,15,146072,6,1,Medium
15,6,266028,5,1,Low
49,8,199123,4,5,High
8,27,37176,4,4,High
30,7,282365,8,4,Medium
31,14,179748,0,3,Medium
50,6,75177,7,1,High
58,26,140623,1,3,Medium
47,11,30997,6,2,High
31,6,150179,5,4,High
46,21,277439,9,1,Medium
55,26,150403,1,3,Medium
54,16,125287,2,5,High
10,7,149574,3,2,Low
19,20,286463,6,3,Medium
57,12,151509,7,5,High
34,27,278505,1,1,Low
46,21,222589,7,1,Medium
41,14,34090,8,2,Medium
41,20,33743,6,5,High
46,19,60924,0,4,High
41,26,171268,5,1,Medium
39,13,135312,7,4,High
27,5,246249,4,4,Medium
10,25,254090,1,3,Low
8,19,259602,4,3,Low
22,3,133976,7,1,Medium
13,17,185183,1,4,Medium
53,11,143566,0,3,Medium
33,17,287443,3,5,Medium
17,26,149968,3,5,Medium
51,5,91600,8,5,High
56,24,80022,2,5,High
21,29,164271,3,4,Medium
49,21,153323,2,5,High
36,15,216110,1,4,Medium
52,14,150278,3,1,Medium
26,22,94541,7,1,Medium
8,3,136968,0,5,Medium
9,23,44892,7,5,High
41,19,54815,7,5,High
45,15,144463,2,1,Medium
53,3,220732,9,3,High
17,12,226599,9,1,Low
38,17,224451,5,5,High
49,29,202343,3,3,Medium
26,29,168307,0,3,Low
57,9,118757,0,2,Medium
27,24,284200,4,4,Medium
55,20,53645,7,5,High
7,18,225630,0,4,Low
46,16,184473,1,2,Medium
38,29,299915,6,4,High
36,20,181460,7,5,High
49,29,113251,2,2,Medium
55,9,87042,7,4,High
53,19,226945,0,1,Low
25,20,77024,8,3,High
50,14,184522,1,2,Medium
48,10,86965,1,1,Medium
25,24,254321,3,5,Medium
48,4,49995,9,3,High
15,9,144587,2,2,Low
43,6,263076,3,3,Medium
8,20,252700,5,2,Low
55,8,68886,6,2,High
5,29,125149,4,4,Medium
32,11,124020,1,3,Medium
28,29,32673,2,3,High
39,11,53466,9,1,Medium
17,16,267626,2,5,Medium
51,10,80406,4,1,Medium
38,21,99284,4,4,High
15,5,265718,3,2,Low
40,20,43665,7,4,High
55,7,50641,5,4,High
21,16,65797,5,1,High
39,6,245838,0,2,Low
22,9,132339,5,5,High
44,22,143431,2,4,High
26,27,262275,5,5,Medium
28,14,174294,9,2,Medium
23,4,211136,5,2,Low
41,13,198082,1,1,Low
43,16,283301,0,3,Low
25,24,48095,2,1,Medium
12,25,153554,4,5,Medium
32,18,264989,3,1,Low
9,22,119023,6,2,Medium
21,8,137181,3,4,Medium
41,25,252310,7,3,Medium
40,6,294610,6,2,Medium
58,17,286349,9,4,High
23,26,206169,8,5,Medium
31,27,83276,0,5,Medium
57,3,299072,4,5,High
38,9,235719,3,1,Low
15,27,201960,5,5,Medium
58,14,256097,0,5,Medium
49,12,204904,5,1,Medium
51,7,146196,0,4,High
16,14,39404,0,2,Low
58,20,239190,7,3,High
25,12,143187,1,5,Medium
58,8,57684,9,5,High
15,14,98591,5,5,High
43,9,238794,5,1,Medium
32,20,294826,5,1,Medium
9,4,141186,7,1,Medium
21,12,273181,3,3,Low
24,17,51832,2,2,Medium
45,14,46997,5,5,High
50,28,70491,3,4,High
16,19,93043,1,5,Medium
10,6,158568,5,5,High
21,9,102725,9,5,High
55,11,158131,4,5,High
23,21,75520,8,2,High
30,29,139869,5,4,High
52,25,94442,2,1,Medium
48,9,291025,4,4,High
48,25,182842,9,5,High
56,4,208570,7,4,High
36,8,153447,8,5,High
10,20,91477,7,4,High
59,8,30244,2,3,High
40,15,207561,8,4,High
42,28,40247,2,1,High
15,21,230123,7,1,Low
37,4,220791,9,4,High
28,14,237358,8,4,Medium
27,17,169148,6,2,Medium
19,16,176123,3,4,Medium
31,8,58670,9,1,Medium
15,20,40236,8,3,High
55,7,65568,2,1,Medium
54,20,137327,2,2,Medium
21,5,285745,1,4,Low
55,5,155721,9,3,High
57,24,289291,2,1,Medium
18,24,186228,0,3,Low
31,12,85904,3,5,High
22,21,294997,7,1,Low
32,5,296320,4,5,Medium
55,14,130459,1,3,Medium
51,18,215922,2,4,High
51,19,167901,0,4,High
8,9,153225,1,4,Medium
11,15,265847,0,5,Low
49,26,251738,1,4,Medium
39,4,140893,2,2,Medium
52,6,272726,0,1,Low
13,12,226914,8,1,Low
12,9,211880,9,3,Medium
56,26,36611,4,5,High
49,19,277524,7,1,Medium
21,22,166343,4,5,Medium
21,8,220191,7,3,Medium
53,21,172645,6,4,High
37,7,182481,3,3,Medium
36,12,279220,6,2,Medium
12,11,148523,5,4,High
23,29,50662,2,4,High
42,15,90721,8,4,High
7,21,168458,9,3,Medium
9,23,299006,8,2,Low
17,26,70108,4,5,High
51,8,121788,7,3,High
50,6,274437,6,1,Medium
35,26,267011,8,1,Medium
59,29,188273,6,3,High
20,5,79966,3,5,Medium
54,5,215846,3,1,Medium
36,6,107228,7,5,High
26,27,176297,5,4,High
33,7,73021,8,3,High
26,10,179333,9,4,High
47,18,282646,6,1,Medium
7,24,116755,6,5,High
58,5,96330,3,4,High
14,26,208438,2,1,Low
46,14,75313,7,2,High
25,27,264729,6,4,Medium
20,10,262783,3,2,Low
16,15,178430,3,2,Low
6,6,58365,0,1,Low
45,16,37248,6,3,High
28,16,34369,0,5,High
39,15,201955,9,1,Medium
34,29,63055,9,4,High
34,8,229803,3,5,Medium
51,19,299594,2,3,Medium
39,6,163997,2,1,Medium
23,10,80272,0,3,Low
54,19,35310,3,4,High
12,5,61817,0,1,Low
30,19,245888,7,4,Medium
53,11,112641,0,5,High
44,4,245155,5,5,High
11,27,237382,6,3,Medium
34,15,45457,9,3,High
11,22,72311,1,5,High
7,4,181958,3,2,Low
5,22,153573,2,5,Medium
40,13,194334,8,1,Medium
29,29,293272,6,4,Medium
41,28,109522,1,5,Medium
5,24,193394,5,5,High
19,17,78929,8,4,High
41,13,111696,2,4,High
17,25,125148,5,1,Medium
44,5,250026,2,4,Medium
12,5,113576,2,3,Medium
9,28,50557,3,5,High
13,14,51825,8,4,High
5,26,66080,7,1,High
40,7,288815,0,4,Medium
39,22,218869,0,5,Medium
6,9,176874,6,2,Medium
44,9,72407,2,4,High
27,15,150283,6,3,Medium
13,11,43338,8,5,High
38,27,106289,2,1,Medium
50,23,179967,2,5,High
18,15,208982,1,2,Low
8,14,139367,9,1,Medium
34,15,147486,0,2,Low
35,26,244209,8,2,Medium
42,12,286055,5,3,Medium
15,3,166421,5,4,High
39,27,183535,7,3,High
12,10,104935,4,3,Medium
7,24,219864,8,3,Medium
18,18,93528,4,1,Low
17,15,129811,1,4,Medium
49,5,218499,5,4,High
36,5,290141,8,1,Medium
38,26,134887,2,3,Medium
49,7,91086,9,3,High
23,28,285494,3,2,Low
42,13,93308,9,2,Medium
20,9,297446,7,5,Medium
6,23,68059,5,2,High
44,26,161980,6,4,High
21,12,221324,6,1,Low
59,12,173949,3,3,High
38,22,57313,5,5,High
46,4,72103,8,2,High
20,5,209480,2,5,Medium
42,10,118771,7,1,Medium
6,13,156228,6,1,Medium
6,15,121665,3,5,Medium
30,9,116067,9,5,High
17,15,243063,2,5,Medium
51,4,159909,6,3,High
35,8,170688,9,4,High
38,11,105976,8,2,Medium
43,22,263208,9,2,Medium
7,27,209810,2,2,Low
12,4,222476,9,5,Medium
27,20,124182,8,5,High
18,18,273153,7,5,Medium
59,27,70725,2,3,High
31,14,40110,7,3,High
58,9,215153,3,3,Medium
33,9,96567,5,3,High
43,19,212296,9,1,Medium
57,15,143394,1,3,Medium
43,13,178940,7,3,High
5,8,52222,8,3,Medium
21,25,109794,6,2,Medium
45,29,93924,7,2,Medium
34,16,129854,6,2,Medium
57,8,290038,9,4,High
17,8,273815,3,1,Low
25,4,263127,0,5,Low
23,24,171295,2,3,Medium
57,22,209238,6,2,Medium
23,27,69369,6,1,High
29,17,176663,2,3,Medium
26,19,216307,0,4,Low
35,10,77922,9,5,High
21,7,150926,8,3,Medium
59,19,49416,5,5,High
27,22,43672,6,3,High
36,3,158145,0,4,Medium
14,24,208068,0,1,Low
14,20,30064,3,5,High
40,17,98835,6,5,High
12,7,231457,7,1,Low
58,9,277795,9,5,High
56,20,146916,8,2,High
24,8,225346,0,1,Low
36,24,33889,3,4,High
54,23,148194,3,3,High
18,7,154714,2,3,Medium
54,21,61335,6,1,High
32,12,80547,0,2,Low
50,17,187234,8,4,High
56,12,250521,7,3,High
57,29,185759,1,3,Medium
28,18,32631,1,2,Medium
19,14,167039,7,5,High
26,20,94471,0,1,Low
34,25,163014,6,2,Medium
8,3,77664,8,2,Medium
17,18,189141,2,2,Low
27,24,117342,6,2,Medium
12,8,44407,5,5,High
22,5,143926,6,4,High
16,4,243053,6,2,Low
59,4,47878,9,2,High
35,15,113100,0,1,Low
18,11,253059,2,3,Low
38,18,73168,9,5,High
22,29,280396,0,2,Low
38,7,280481,4,4,Medium
15,25,58004,2,4,High
45,23,121820,0,4,Medium
16,9,221239,1,1,Low
53,15,132229,9,4,High
19,22,44568,4,1,Medium
35,26,39466,2,5,High
53,29,252129,5,4,High
33,28,87324,8,3,High
30,15,176539,5,2,Medium
22,29,105955,1,5,Medium
36,28,177748,1,3,Medium
26,9,124791,7,5,High
42,12,192586,7,4,High
21,17,52650,5,5,High
27,23,107701,9,5,High
28,29,259164,6,5,Medium
54,8,110978,0,1,Medium
12,7,34860,8,3,Medium
45,25,164801,4,4,High
10,4,61351,8,2,Medium
9,23,185418,1,4,Medium
48,17,151449,7,4,High
33,28,106700,6,1,Medium
32,18,265486,3,1,Low
15,21,299099,2,5,Medium
5,11,287571,3,4,Medium
47,24,222408,3,3,Medium
23,28,36408,9,1,High
13,21,201475,9,1,Low
31,9,293369,7,3,Medium
38,6,176444,3,1,Medium
48,5,287320,4,3,Medium
8,26,47279,1,2,Medium
40,22,140401,3,3,Medium
22,13,256801,6,2,Low
19,3,277380,2,5,Medium
55,8,199259,0,5,High
17,28,277145,7,1,Low
23,13,189547,7,3,Medium
53,29,74552,5,1,High
10,3,229041,6,3,Medium
52,23,237606,9,1,Medium
16,9,260677,1,5,Low
55,8,291869,4,5,High
41,16,235558,6,1,Medium
21,4,104474,8,3,Medium
27,29,62099,0,4,High
30,6,232252,2,3,Low
33,13,270454,5,1,Medium
37,17,84240,6,3,High
31,20,290746,5,2,Medium
29,29,282051,0,3,Low
59,3,131611,3,5,High
14,5,88046,5,5,High
51,5,280468,7,2,Medium
27,9,46488,9,3,Medium
25,3,219913,3,4,Medium
25,27,213741,6,3,Medium
47,13,171917,2,5,High
17,8,197131,7,5,High
41,22,48394,0,1,Medium
37,5,206978,3,5,Medium
28,21,89332,7,1,Medium
48,4,198377,9,5,High
15,20,72628,3,5,High
21,14,81993,1,4,Medium
8,12,200458,1,1,Low
51,7,38539,3,1,Medium
29,11,162335,3,5,Medium
34,4,270310,1,1,Low
13,4,236873,6,5,Medium
25,8,86132,5,5,High
24,12,135494,2,3,Medium
23,20,255997,7,1,Low
23,14,93797,7,2,Medium
16,6,81798,0,1,Low
41,24,177722,2,1,Medium
46,23,106421,4,4,High
21,19,299578,1,2,Low
41,17,96558,4,2,Medium
58,8,97573,9,4,High
52,18,159473,2,4,High
43,19,207398,8,1,Medium
32,5,296267,0,3,Low
45,12,72597,3,4,High
39,7,224310,9,2,Medium
51,16,252858,5,2,Medium
52,28,116978,8,1,High
22,23,198769,2,3,Medium
18,15,191064,2,5,Medium
39,28,170594,4,4,High
48,8,268078,6,4,High
45,14,270140,4,1,Low
11,28,173193,7,3,Medium
45,10,153371,4,2,Medium
17,7,293761,6,2,Low
22,17,73016,5,5,High
41,29,260959,9,2,Medium
17,18,216807,1,4,Low
40,3,47959,2,5,High
35,18,58522,3,3,High
6,7,56567,4,5,Medium
20,5,92708,8,3,Medium
13,22,156206,5,2,Medium
13,17,52560,0,1,Medium
42,15,88390,2,5,High
15,26,155772,6,5,High
58,18,87805,7,4,High
26,25,266109,6,4,Medium
37,13,244373,4,3,Medium
40,23,121257,9,1,Medium
49,4,33515,7,4,High
27,24,34454,8,4,High
49,29,267145,6,2,Medium
49,8,52873,8,2,High
38,28,158376,0,4,Medium
13,28,99070,8,3,Medium
28,29,154564,2,1,Low
12,8,258497,5,4,Medium
11,16,147213,7,3,Medium
40,27,211051,2,3,Medium
22,13,55465,3,4,Medium
7,10,214972,6,3,Medium
32,10,89799,6,5,High
10,3,126129,3,3,Medium
48,23,169374,8,4,High
48,9,273761,2,3,Medium
25,8,272821,7,4,Medium
32,23,42875,7,2,High
44,10,57219,3,4,High
58,21,241613,6,3,High
58,24,36457,3,4,High
5,23,63064,0,1,Medium
40,26,145256,0,4,Medium
25,22,264659,0,4,Low
47,10,239727,1,1,Low
39,28,190353,5,1,Medium
17,16,288063,9,1,Low
53,20,266887,4,5,High
58,27,264841,1,4,Medium
58,18,99918,7,1,High
14,11,243057,8,1,Low
57,17,119142,6,2,High
48,28,57603,8,5,High
51,12,100605,3,4,High
57,24,74440,6,3,High
14,18,244117,4,5,Medium
50,6,243877,4,5,High
17,22,140373,2,2,Low
41,15,297014,8,4,High
42,24,48909,9,4,High
28,7,279975,4,1,Low
6,24,123926,5,1,Medium
26,9,157463,2,5,Medium
21,25,131536,9,2,Medium
40,11,281981,6,4,High
18,10,292584,8,2,Low
14,18,210685,8,3,Medium
39,8,153491,9,4,High
29,18,180619,9,1,Medium
7,8,111662,4,5,Medium
51,16,266128,6,2,Medium
42,23,30005,2,1,High
21,3,264152,5,5,Medium
16,27,299182,7,1,Low
58,11,298558,7,4,High
56,27,259901,1,2,Low
28,29,232945,5,3,Medium
33,26,63948,6,1,High
47,15,252873,6,2,Medium
29,28,252322,2,4,Medium
40,21,50875,8,1,High
30,19,62400,1,4,High
42,13,98607,2,3,Medium
5,10,131096,1,3,Low
24,25,76612,8,5,High
59,7,291538,3,5,High
32,12,114335,1,5,Medium
20,9,123012,2,4,Medium
51,12,111748,3,5,High
21,6,192491,9,2,Medium
44,11,95195,5,4,High
32,29,234767,4,4,Medium
16,28,119846,2,5,Medium
31,16,132404,9,5,High
58,4,291320,7,4,High
57,27,101540,7,3,High
46,11,199361,6,3,High
51,23,41755,2,5,High
34,29,282915,0,3,Low
45,3,114553,4,2,Medium
38,25,164962,0,2,Low
41,12,286760,5,2,Medium
10,12,47175,6,4,High
11,22,255783,4,4,Medium
36,27,185360,3,4,High
36,24,76629,1,4,High
57,5,146779,4,4,High
29,8,208872,8,5,Medium
37,28,198439,3,3,Medium
59,8,112762,1,5,High
11,23,190094,5,3,Medium
56,4,230401,7,5,High
16,28,87941,1,2,Low
20,28,216670,8,1,Low
20,20,46040,6,4,High
47,25,99806,1,1,Medium
57,4,174358,4,1,Medium
40,14,230211,4,2,Low
17,24,142076,6,1,Medium
11,7,85916,4,1,Low
40,22,178672,5,2,Medium
51,9,295955,8,3,High
55,26,61276,2,5,High
13,18,215217,2,1,Low
36,22,231750,7,4,High
15,3,249854,9,2,Low
12,3,252115,5,1,Low
37,19,216757,9,3,Medium
27,29,173266,2,3,Medium
29,3,180434,1,4,Medium
12,23,76281,1,1,Medium
49,22,292120,1,4,Medium
26,15,283693,4,3,Low
8,11,208908,4,3,Low
44,17,34595,0,5,High
7,5,125930,1,3,Low
33,16,176474,1,2,Low
45,25,291745,3,5,Medium
33,13,226355,6,4,High
38,26,203795,2,3,Medium
38,24,212394,4,2,Low
32,14,207836,8,5,High
17,15,252360,4,2,Low
19,28,88122,8,5,High
27,15,260561,0,5,Low
48,3,262661,8,5,High
30,26,158909,4,4,Medium
8,12,295591,7,5,Medium
30,5,214215,4,5,Medium
44,26,40662,5,2,High
13,6,88282,7,5,High
59,18,97471,1,4,High
9,10,153513,2,2,Low
36,18,203285,8,5,High
24,29,137578,4,2,Low
54,19,113205,4,4,High
15,21,264631,8,2,Low
19,24,113805,9,4,High
36,17,154698,2,3,Medium
32,18,198902,3,5,High
26,17,40712,6,4,High
45,27,156888,1,5,Medium
21,4,262398,7,4,Medium
30,13,226437,4,1,Low
48,3,117185,0,1,Medium
11,17,42210,2,1,Medium
46,28,66972,8,4,High
30,21,266966,4,5,Medium
29,6,256273,7,1,Low
14,13,33052,0,5,Medium
49,7,257276,6,4,High
23,5,178388,6,5,High
15,15,168312,7,5,High
17,12,46375,2,1,Low
57,13,55710,0,2,Medium
12,20,210967,8,3,Medium
44,4,284624,0,4,Medium
8,9,176246,5,4,High
51,11,57597,8,4,High
35,12,115687,1,3,Medium
32,20,148968,3,2,Medium
15,25,70274,1,5,High
47,9,233570,3,4,High
5,29,78634,1,5,High
53,9,236994,0,1,Low
51,5,286480,2,1,Medium
56,14,92982,7,1,High
42,9,138534,4,4,High
28,19,195546,3,3,Medium
58,28,68493,4,4,High
51,3,272217,5,1,Medium
35,7,183612,5,1,Medium
45,18,256577,4,4,Medium
50,17,107097,5,3,High
54,4,213951,8,3,High
30,11,171668,4,5,Medium
53,9,209022,5,2,Medium
54,6,152540,3,1,Medium
9,22,197061,2,3,Medium
24,20,162154,5,1,Medium
56,23,268013,4,2,Medium
45,6,126368,3,1,Medium
15,15,75891,4,3,Medium
58,3,76901,6,5,High
37,26,101062,0,4,Medium
54,5,182635,0,4,High
42,18,183460,0,3,Medium
31,24,110591,1,3,Medium
38,6,282990,8,2,Medium
19,27,52838,4,1,Medium
36,25,146249,8,2,Medium
25,27,108000,4,4,Medium
50,18,174608,6,1,High
9,28,166772,5,2,Medium
10,21,199911,1,4,Medium
42,3,75291,2,1,Medium
26,7,245963,4,5,Medium
22,21,155612,3,5,Medium
18,24,47177,5,2,High
14,26,73815,7,3,High
50,13,292170,7,1,Medium
17,15,134997,2,2,Low
35,22,90611,3,3,Medium
34,7,117242,0,3,Medium
7,23,216175,1,1,Low
34,6,72082,8,1,Medium
10,6,177330,9,3,Medium
33,6,133613,9,4,High
12,6,125220,1,2,Low
48,22,45389,5,1,High
49,23,121860,6,3,High
47,20,188757,5,4,High
48,20,51797,7,5,High
37,18,275939,8,3,Medium
21,11,96332,7,4,High
52,20,266655,4,5,High
15,24,254997,7,4,Medium
17,4,32024,9,1,Medium
54,23,167656,9,3,High
15,6,188116,8,5,High
35,14,287339,7,4,High
32,9,297429,1,5,Medium
48,17,299514,1,2,Low
10,9,47903,2,3,Medium
45,24,193571,6,1,Medium
20,28,118377,8,5,High
8,23,231474,7,4,Medium
39,19,139366,8,5,High
52,18,93853,5,4,High
30,21,215715,0,5,Low
16,11,183405,3,1,Low
15,16,82442,5,1,Medium
41,19,260755,5,3,Medium
29,7,39675,7,1,Medium
22,4,119590,0,5,Medium
23,22,94289,1,5,Medium
27,18,47184,1,1,Medium
59,16,186894,5,2,High
42,16,237537,6,5,High
58,29,297411,1,3,Medium
22,3,213719,4,2,Low
30,5,151246,5,1,Medium
10,28,162053,3,4,Medium
8,9,179544,0,5,Medium
48,28,180408,2,4,High
55,17,186659,9,3,High
33,21,267439,8,2,Medium
38,22,39665,5,4,High
21,4,188169,1,3,Low
47,21,82474,8,4,High
47,11,233045,3,4,High
57,21,105911,7,3,High
20,29,122643,9,5,High
6,7,289383,6,4,Medium
38,20,206682,2,3,Medium
59,18,211879,7,4,High
12,6,256351,3,5,Medium
17,14,126453,1,3,Low
46,9,83790,4,4,High
12,16,238032,0,1,Low
34,25,43200,7,5,High
36,14,82275,7,4,High
40,5,182363,2,2,Medium
51,7,121685,0,3,Medium
34,19,135454,3,4,High
5,28,31766,8,5,High
47,12,295693,8,5,High
43,12,179765,0,2,Low
21,13,286356,6,2,Low
24,19,250172,5,4,Medium
28,7,55301,6,1,Medium
54,15,74763,6,5,High
26,12,181837,7,1,Medium
33,11,37425,7,1,Medium
26,19,213843,9,4,Medium
48,3,289561,1,3,Medium
13,6,71457,3,3,Medium
41,6,240813,3,3,Medium
14,20,35452,9,2,High
40,11,141153,7,5,High
41,27,222543,2,2,Low
32,20,31845,2,5,High
32,16,149342,1,5,Medium
46,27,267366,0,5,Medium
47,17,269004,7,4,High
25,8,224110,8,3,Medium
28,26,278850,8,2,Low
46,12,244362,7,2,Medium
44,17,277688,4,4,Medium
6,6,64404,0,5,Medium
59,20,52564,8,3,High
12,20,127898,5,1,Medium
52,27,125259,6,1,High
31,19,154451,7,4,High
26,14,47215,4,3,Medium
41,9,160577,5,1,Medium
31,18,288392,6,1,Medium
33,13,101074,6,2,Medium
7,16,138621,1,3,Low
48,5,209289,0,1,Low
17,21,136759,7,2,Medium
49,20,158471,4,3,High
14,12,78398,9,5,High
40,8,293430,1,3,Low
13,15,195369,2,4,Medium
58,12,138304,5,2,High
59,20,134959,9,5,High
31,28,269317,5,2,Medium
38,22,187557,7,2,Medium
55,28,159745,4,1,Medium
5,18,84583,4,3,Medium
36,27,154077,6,2,Medium
29,27,141359,9,2,Medium
33,8,57086,4,4,High
11,15,177556,8,4,High
53,6,229695,5,4,High
7,25,134132,6,2,Medium
24,16,89263,7,5,High
24,3,179747,4,3,Medium
57,22,90664,3,2,Medium
34,7,207198,7,1,Medium
39,10,272730,9,5,High
39,14,97804,8,5,High
53,4,241087,0,3,Medium
43,14,117893,2,5,High
31,7,298113,3,3,Medium
30,24,38981,6,5,High
18,7,137154,5,3,Medium
21,15,185313,9,4,High
22,11,212177,9,4,Medium
49,12,222122,0,5,Medium
56,3,33657,3,5,High
33,5,243766,5,3,Medium
24,20,114731,2,3,Medium
57,14,203412,1,2,Low
31,5,197022,1,4,Medium
22,28,168939,9,2,Medium
8,27,239614,3,2,Low
5,11,34329,0,1,Low
54,28,228012,9,3,High
5,4,67869,1,1,Low
30,5,227977,9,1,Low
49,16,113984,1,2,Medium
24,6,131069,3,1,Low
56,27,278577,3,3,Medium
27,21,148728,0,2,Low
14,15,55801,6,3,Medium
15,9,248359,6,5,Medium
45,14,265637,9,1,Medium
45,5,120709,9,2,Medium
9,25,285560,9,4,Medium
5,25,273738,0,3,Low
21,11,237831,7,1,Low
26,4,46220,9,3,Medium
38,24,156951,6,3,High
49,11,178306,6,5,High
45,14,145795,5,3,High
33,14,155223,3,5,High
8,17,105205,7,5,High
9,4,31082,1,5,Medium
15,20,188566,6,1,Medium
55,15,66719,2,3,High
25,16,78737,2,3,High
39,7,137271,6,5,High
16,28,200608,2,3,Low
30,12,211676,4,3,Low
55,14,97839,7,5,High
23,12,212075,3,4,Medium
49,26,117745,6,4,High
11,13,156298,6,5,High
51,27,123709,1,1,Medium
59,4,251798,7,3,High
11,7,137252,9,3,Medium
30,9,202855,9,4,Medium
44,8,244838,8,5,High
9,24,250013,5,1,Low
25,25,210697,4,5,Medium
18,5,148819,0,4,Medium
8,15,43698,0,4,Medium
27,5,45376,8,3,Medium
46,28,266591,3,2,Medium
24,27,78786,0,1,Medium
19,26,143005,9,1,Medium
54,23,248850,2,2,Medium
56,8,192767,5,4,High
49,13,122529,7,5,High
33,28,271496,9,1,Medium
12,19,130919,1,2,Low
45,12,228382,7,3,Medium
52,14,239870,0,3,Medium
23,19,99407,1,4,Medium
52,6,103809,7,1,High
43,4,72176,6,5,High
50,13,124825,4,1,Medium
32,9,127555,9,3,High
50,4,33145,1,1,Medium
31,28,127289,8,3,High
8,20,168874,4,2,Low
19,23,294407,7,2,Low
39,6,87788,3,3,Medium
41,10,169227,8,5,High
5,22,161994,9,5,High
7,16,233303,6,1,Low
51,14,181744,1,3,Medium
28,24,199598,2,4,Medium
31,23,103352,1,5,Medium
44,29,256710,4,5,Medium
40,20,199770,1,2,Low
38,13,33512,4,5,High
33,10,192572,8,5,High
28,4,153775,1,5,Medium
28,27,108743,8,3,Medium
46,17,109858,6,3,High
8,11,84800,6,2,Medium
7,21,130364,4,1,Low
38,22,294531,7,5,High
53,10,217232,6,1,Medium
27,27,234639,5,3,Medium
57,21,162871,1,5,High
56,7,149095,5,1,High
27,13,65548,1,1,Low
49,17,120450,0,4,High
9,10,135669,8,3,Medium
35,21,103071,4,2,Medium
57,25,142808,9,2,High
45,29,108591,9,4,High
58,10,254213,3,1,Medium
10,28,296441,7,4,Medium
41,29,139513,4,4,High
14,21,128752,6,3,Medium
44,20,166080,2,5,High
11,12,247885,7,1,Low
43,9,177892,7,2,Medium
42,11,183325,2,2,Medium
25,3,97156,8,4,High
24,21,272960,7,4,Medium
7,7,90263,0,4,Medium
55,21,129252,7,1,High
26,3,148632,3,4,Medium
51,17,46575,5,4,High
8,18,41952,9,5,High
